# Harness-executed: pytest-benchmark
# returncode: 0
# agent_score: 100.0 | threshold: 75.0

ssssssssssssssssssssssssssssssssssssssssssssssssssssssssssssssssssssssss [ 29%]
ssssssssssssssssssssssssssssssssssssssssssssssssssssssssssssssssssssssss [ 59%]
ssssssssssssssssssssssssssssssssssssssssssssssssssssssssssssssssssssssss [ 89%]
ssssssssssssssssssssssss..                                               [100%]
=============================== warnings summary ===============================
.venv/lib/python3.11/site-packages/starlette/formparsers.py:12
  /Users/johnny/projects/taskq-redo/.venv/lib/python3.11/site-packages/starlette/formparsers.py:12: PendingDeprecationWarning: Please use `import python_multipart` instead.
    import multipart

-- Docs: https://docs.pytest.org/en/stable/how-to/capture-warnings.html

------------------------------- benchmark: 2 tests -------------------------------
Name (time in us)                             Mean                   Max          
----------------------------------------------------------------------------------
test_service_get_by_id_p95_under_30ms     117.1960 (1.0)        403.3750 (1.0)    
test_service_list_p95_under_80ms          678.6160 (5.79)     1,180.4590 (2.93)   
----------------------------------------------------------------------------------

Legend:
  Outliers: 1 Standard Deviation from Mean; 1.5 IQR (InterQuartile Range) from 1st Quartile and 3rd Quartile.
  OPS: Operations Per Second, computed as 1 / Mean
2 passed, 240 skipped, 1 warning in 3.40s

Wrote benchmark data in: <_io.BufferedWriter name='.sessi-work/benchmark_report.json'>
=== TOOL_OUTPUT_ARTIFACT ===
{
    "machine_info": {
        "node": "JohnnydeMac-Studio.local",
        "processor": "arm",
        "machine": "arm64",
        "python_compiler": "Clang 22.1.3 ",
        "python_implementation": "CPython",
        "python_implementation_version": "3.11.15",
        "python_version": "3.11.15",
        "python_build": [
            "main",
            "May 10 2026 19:23:07"
        ],
        "release": "25.6.0",
        "system": "Darwin",
        "cpu": {
            "python_version": "3.11.15.final.0 (64 bit)",
            "cpuinfo_version": [
                9,
                0,
                0
            ],
            "cpuinfo_version_string": "9.0.0",
            "arch": "ARM_8",
            "bits": 64,
            "count": 32,
            "arch_string_raw": "arm64",
            "brand_raw": "Apple M3 Ultra"
        }
    },
    "commit_info": {
        "id": "76879915a03b8d1b730c9cc505b2120119a09df2",
        "time": "2026-09-02T08:37:16+08:00",
        "author_time": "2026-09-02T08:37:16+08:00",
        "dirty": true,
        "project": "taskq-redo",
        "branch": "main"
    },
    "benchmarks": [
        {
            "group": null,
            "name": "test_service_get_by_id_p95_under_30ms",
            "fullname": "03-development/tests/test_perf_benchmarks.py::test_service_get_by_id_p95_under_30ms",
            "params": null,
            "param": null,
            "extra_info": {},
            "options": {
                "disable_gc": true,
                "timer": "perf_counter",
                "min_rounds": 5,
                "max_time": 1.0,
                "min_time": 5e-06,
                "warmup": false
            },
            "stats": {
                "min": 0.00010512498556636274,
                "max": 0.00040337498649023473,
                "mean": 0.00011719603760636139,
                "stddev": 1.6855521607891442e-05,
                "rounds": 2401,
                "median": 0.00011520800762809813,
                "iqr": 4.3442705646157265e-06,
                "q1": 0.00011308299144729972,
                "q3": 0.00011742726201191545,
                "iqr_outliers": 104,
                "stddev_outliers": 54,
                "outliers": "54;104",
                "ld15iqr": 0.0001066249969881028,
                "hd15iqr": 0.00012395798694342375,
                "ops": 8532.711689099975,
                "total": 0.2813876862928737,
                "data": [
                    0.00017141702119261026,
                    0.00013166700955480337,
                    0.0001244580198545009,
                    0.00012433400843292475,
                    0.0001196670054923743,
                    0.00012004098971374333,
                    0.000123415986308828,
                    0.00011766699026338756,
                    0.00011625001206994057,
                    0.00012250000145286322,
                    0.00011833300231955945,
                    0.00011554098455235362,
                    0.00012120799510739744,
                    0.00011675001587718725,
                    0.00011833300231955945,
                    0.0001210409973282367,
                    0.00011662501492537558,
                    0.00012420900748111308,
                    0.00012229199637658894,
                    0.00012116701691411436,
                    0.0001195840013679117,
                    0.0001188750029541552,
                    0.00011712501873262227,
                    0.00011491597979329526,
                    0.00011750002158805728,
                    0.00011374999303370714,
                    0.00011366599937900901,
                    0.00011258301674388349,
                    0.00011879098019562662,
                    0.00011420800001360476,
                    0.00011441699462011456,
                    0.00011504199937917292,
                    0.00011616700794547796,
                    0.0001135829952545464,
                    0.00011333299335092306,
                    0.0001202919811476022,
                    0.00011591601651161909,
                    0.0001149170275311917,
                    0.00011670900858007371,
                    0.00012241597869433463,
                    0.00011529101175256073,
                    0.00011537500540725887,
                    0.00011912500485777855,
                    0.00011562500731088221,
                    0.00011541598360054195,
                    0.00011908399756066501,
                    0.00011420901864767075,
                    0.00011462499969638884,
                    0.00011379198986105621,
                    0.00011866699787788093,
                    0.00011520800762809813,
                    0.00011579098645597696,
                    0.00011754198931157589,
                    0.0001185830042231828,
                    0.00011458300286903977,
                    0.0001162080152425915,
                    0.0001202919811476022,
                    0.0001176249934360385,
                    0.0001153330085799098,
                    0.0001192909840028733,
                    0.0002629169903229922,
                    0.0002699999895412475,
                    0.00015312500181607902,
                    0.00012716700439341366,
                    0.0001211669878102839,
                    0.00011920899851247668,
                    0.00012404200970195234,
                    0.00011991700739599764,
                    0.00011770898709073663,
                    0.00012012501247227192,
                    0.00012166699161753058,
                    0.00011862500105053186,
                    0.00011854199692606926,
                    0.00012099999003112316,
                    0.00011829100549221039,
                    0.00011695799184963107,
                    0.00011916598305106163,
                    0.00011958301183767617,
                    0.00011650001397356391,
                    0.00011620798613876104,
                    0.0001206250162795186,
                    0.00011712501873262227,
                    0.0001187919988296926,
                    0.00011920800898224115,
                    0.00011937497765757143,
                    0.00011920800898224115,
                    0.00011908300803042948,
                    0.00011708401143550873,
                    0.00011908297892659903,
                    0.00011833399184979498,
                    0.00012187499669380486,
                    0.00011662498582154512,
                    0.0001204590080305934,
                    0.00011616601841524243,
                    0.00011487497249618173,
                    0.00011891699978150427,
                    0.00011720799375325441,
                    0.00011649998486973345,
                    0.0001266250037588179,
                    0.00011866699787788093,
                    0.0002497500099707395,
                    0.00016579197836108506,
                    0.00013845801004208624,
                    0.00013445797958411276,
                    0.00012404200970195234,
                    0.0001181670231744647,
                    0.0001209579932037741,
                    0.0001213340146932751,
                    0.00011804202222265303,
                    0.00011699998867698014,
                    0.00012083401088602841,
                    0.0001222910068463534,
                    0.00011716599692590535,
                    0.00011629200889728963,
                    0.00012029201025143266,
                    0.0001167499867733568,
                    0.00011583400191739202,
                    0.00012116599828004837,
                    0.00011933399946428835,
                    0.00011545800953172147,
                    0.0001158749801106751,
                    0.00012004200834780931,
                    0.00011650001397356391,
                    0.00011449999874457717,
                    0.00011566700413823128,
                    0.00012058299034833908,
                    0.00011720799375325441,
                    0.00011479199747554958,
                    0.00011891699978150427,
                    0.00011704102507792413,
                    0.00011629099026322365,
                    0.00011449999874457717,
                    0.00012070799130015075,
                    0.00011616700794547796,
                    0.00011529101175256073,
                    0.00011733398423530161,
                    0.00012074998812749982,
                    0.00011529200128279626,
                    0.00011808398994617164,
                    0.0001228329783771187,
                    0.00011783299851231277,
                    0.0001195410150103271,
                    0.00012112499098293483,
                    0.00011945798178203404,
                    0.00011733401333913207,
                    0.00011675001587718725,
                    0.00012004098971374333,
                    0.00011550000635907054,
                    0.00011850000009872019,
                    0.00011883300612680614,
                    0.0001187919988296926,
                    0.00011583301238715649,
                    0.0001230830093845725,
                    0.00011787499533966184,
                    0.00011704201460815966,
                    0.00012395798694342375,
                    0.00012120898463763297,
                    0.00011666701175272465,
                    0.00011600001016631722,
                    0.00011979098781011999,
                    0.0001206250162795186,
                    0.0001161250111181289,
                    0.00012087498907931149,
                    0.00024008299806155264,
                    0.00015550001990050077,
                    0.00013245799345895648,
                    0.00012341700494289398,
                    0.00011916700168512762,
                    0.00011929200263693929,
                    0.00011845899280160666,
                    0.00011616598931141198,
                    0.0001221249985974282,
                    0.00011904101120308042,
                    0.00011837499914690852,
                    0.00012104102643206716,
                    0.00011787499533966184,
                    0.00011562500731088221,
                    0.00011833300231955945,
                    0.00011754099978134036,
                    0.00011591697693802416,
                    0.0002719589974731207,
                    0.00027033299556933343,
                    0.0001536250056233257,
                    0.00013054197188466787,
                    0.00012295800843276083,
                    0.0001261669967789203,
                    0.00012233402230776846,
                    0.00011920800898224115,
                    0.0001229170011356473,
                    0.00011933399946428835,
                    0.00011712498962879181,
                    0.00011987501056864858,
                    0.00011945798178203404,
                    0.00011699998867698014,
                    0.00011645900667645037,
                    0.00011591700604185462,
                    0.00012099999003112316,
                    0.00011558301048353314,
                    0.0001167499867733568,
                    0.00011862500105053186,
                    0.00011900000390596688,
                    0.00011587500921450555,
                    0.00011562500731088221,
                    0.00011824999819509685,
                    0.0001194999786093831,
                    0.00011604200699366629,
                    0.00011583301238715649,
                    0.00012058397987857461,
                    0.00011608301429077983,
                    0.0001151659816969186,
                    0.00011516601080074906,
                    0.00011808300041593611,
                    0.00011924997670575976,
                    0.00011504100984893739,
                    0.00011366698890924454,
                    0.00011666698264889419,
                    0.00011616700794547796,
                    0.00011512497439980507,
                    0.00011562500731088221,
                    0.00012075001723133028,
                    0.00011724999058060348,
                    0.00011616700794547796,
                    0.0001144580019172281,
                    0.00011987501056864858,
                    0.00011770802666433156,
                    0.00011579098645597696,
                    0.00011754099978134036,
                    0.00011829100549221039,
                    0.000116915995022282,
                    0.00011366599937900901,
                    0.00011995798558928072,
                    0.00011712501873262227,
                    0.00011579098645597696,
                    0.00011583298328332603,
                    0.00011829199502244592,
                    0.00011470800382085145,
                    0.00011374999303370714,
                    0.0001200829865410924,
                    0.00011575000826269388,
                    0.00011483399430289865,
                    0.0001206250162795186,
                    0.00011462499969638884,
                    0.0001187919988296926,
                    0.0001160409883596003,
                    0.00012037501437589526,
                    0.00011733302380889654,
                    0.00011483300477266312,
                    0.000117292016511783,
                    0.00011737502063624561,
                    0.00011504100984893739,
                    0.0001152500044554472,
                    0.00011916598305106163,
                    0.00011579200509004295,
                    0.00011508402531035244,
                    0.00011637501302175224,
                    0.00011799999629147351,
                    0.00011491699842736125,
                    0.00011354099842719734,
                    0.0001188750029541552,
                    0.00011470800382085145,
                    0.00011395799810998142,
                    0.00011379100033082068,
                    0.00011679201270453632,
                    0.00011825002729892731,
                    0.000115458999061957,
                    0.00011570900096558034,
                    0.0001184159773401916,
                    0.00011462499969638884,
                    0.00011475000064820051,
                    0.00011933298083022237,
                    0.00011658301809802651,
                    0.00011566598550416529,
                    0.00011458300286903977,
                    0.00011950000771321356,
                    0.00011520800762809813,
                    0.00011374999303370714,
                    0.00011691698455251753,
                    0.00011875000200234354,
                    0.00011641599121503532,
                    0.00011479199747554958,
                    0.00011816699407063425,
                    0.0001159579842351377,
                    0.00011308299144729972,
                    0.00011379198986105621,
                    0.00011862500105053186,
                    0.00012162499479018152,
                    0.00011783299851231277,
                    0.00011866699787788093,
                    0.00011716599692590535,
                    0.000115458999061957,
                    0.00011900000390596688,
                    0.00011729198740795255,
                    0.00011608298518694937,
                    0.00011600001016631722,
                    0.00012012498336844146,
                    0.00011712498962879181,
                    0.00011533399811014533,
                    0.00011454100604169071,
                    0.0001209579932037741,
                    0.00012312500621192157,
                    0.00012041599256917834,
                    0.00011929200263693929,
                    0.00011466600699350238,
                    0.00011512497439980507,
                    0.00011875000200234354,
                    0.0001167499867733568,
                    0.00011537500540725887,
                    0.0001155420031864196,
                    0.00012100001913495362,
                    0.00011604101746343076,
                    0.00011470902245491743,
                    0.00011400002404116094,
                    0.00011820800136774778,
                    0.00011387499398551881,
                    0.00011283400817774236,
                    0.00011566700413823128,
                    0.00011245798668824136,
                    0.00011154200183227658,
                    0.0001158749801106751,
                    0.0001127920113503933,
                    0.00011133399675600231,
                    0.00011666701175272465,
                    0.00011233301484026015,
                    0.00011129199992865324,
                    0.00011604101746343076,
                    0.00011224998161196709,
                    0.00011125000310130417,
                    0.00011158300912939012,
                    0.00012154201976954937,
                    0.00011241700849495828,
                    0.00011108297621831298,
                    0.00011612498201429844,
                    0.00011195798288099468,
                    0.00011083399294875562,
                    0.0001134999911300838,
                    0.00011379198986105621,
                    0.00011175000690855086,
                    0.00011100000119768083,
                    0.00011600001016631722,
                    0.00011291599366813898,
                    0.00011133399675600231,
                    0.00011537500540725887,
                    0.00011137500405311584,
                    0.00011166700278408825,
                    0.00011637501302175224,
                    0.00011612498201429844,
                    0.0001120000088121742,
                    0.00011099997209385037,
                    0.00011650001397356391,
                    0.00011133300722576678,
                    0.00011058300151489675,
                    0.00011316698510199785,
                    0.00011625001206994057,
                    0.00011395799810998142,
                    0.00011570900096558034,
                    0.00011704102507792413,
                    0.00011237498256377876,
                    0.00011162500595673919,
                    0.00011424999684095383,
                    0.00011454199557192624,
                    0.00011500000255182385,
                    0.00011641698074527085,
                    0.0001211669878102839,
                    0.00011600001016631722,
                    0.00011295900912955403,
                    0.00011175000690855086,
                    0.00011579200509004295,
                    0.00011304198415018618,
                    0.0001120830129366368,
                    0.0001155420031864196,
                    0.00011412499588914216,
                    0.00011291698319837451,
                    0.00011304099461995065,
                    0.00011704201460815966,
                    0.0001144580019172281,
                    0.00011358401388861239,
                    0.00011675001587718725,
                    0.00011400002404116094,
                    0.00011116699897684157,
                    0.00011133300722576678,
                    0.00011620900477282703,
                    0.00011258298764005303,
                    0.00011216601706109941,
                    0.00011383299715816975,
                    0.00011479097884148359,
                    0.00011237501166760921,
                    0.00011116598034277558,
                    0.00011520800762809813,
                    0.00011558301048353314,
                    0.00011262501357123256,
                    0.00011816600454039872,
                    0.00011625001206994057,
                    0.00011337499017827213,
                    0.00011241700849495828,
                    0.00011550000635907054,
                    0.00011254200944676995,
                    0.00011216601706109941,
                    0.0001158749801106751,
                    0.00011575000826269388,
                    0.00011291599366813898,
                    0.00011679198360070586,
                    0.00011729198740795255,
                    0.00011320799239911139,
                    0.00011187500786036253,
                    0.00011737502063624561,
                    0.00011266599176451564,
                    0.00011166598415002227,
                    0.00011666602222248912,
                    0.00011187497875653207,
                    0.0001111250021494925,
                    0.0001155420031864196,
                    0.000117292016511783,
                    0.0001137500221375376,
                    0.00011275001452304423,
                    0.00011462499969638884,
                    0.00012254100874997675,
                    0.00011391699081286788,
                    0.00011358398478478193,
                    0.00011616598931141198,
                    0.00011575000826269388,
                    0.00011270897812210023,
                    0.00011258298764005303,
                    0.00011483300477266312,
                    0.00011404199176467955,
                    0.00011141700088046491,
                    0.00011108297621831298,
                    0.00011650001397356391,
                    0.00011249998351559043,
                    0.00011079199612140656,
                    0.00011408398859202862,
                    0.00011600001016631722,
                    0.00011183301103301346,
                    0.00011204200563952327,
                    0.00011575000826269388,
                    0.00011275001452304423,
                    0.00011133300722576678,
                    0.00011537500540725887,
                    0.00011291698319837451,
                    0.00011258301674388349,
                    0.00011475000064820051,
                    0.0001186660083476454,
                    0.00011470800382085145,
                    0.00011337501928210258,
                    0.00011654198169708252,
                    0.00011491699842736125,
                    0.00011091699707321823,
                    0.00011191601515747607,
                    0.00011454199557192624,
                    0.00011324998922646046,
                    0.00011420898954384029,
                    0.00011729198740795255,
                    0.00011520800762809813,
                    0.0001143749977927655,
                    0.00011295799049548805,
                    0.00011858399375341833,
                    0.00011562500731088221,
                    0.00011441699462011456,
                    0.00011404199176467955,
                    0.00011875000200234354,
                    0.00011470800382085145,
                    0.00011216700659133494,
                    0.00011229098890908062,
                    0.00011475000064820051,
                    0.00011470800382085145,
                    0.00011295799049548805,
                    0.00011600001016631722,
                    0.00011600001016631722,
                    0.00011454199557192624,
                    0.00011625001206994057,
                    0.0001155420031864196,
                    0.00011179200373589993,
                    0.00011537500540725887,
                    0.00011512497439980507,
                    0.00011208400246687233,
                    0.00011141700088046491,
                    0.00011670900858007371,
                    0.0001119170046877116,
                    0.00011125000310130417,
                    0.00011079202522523701,
                    0.00011383401579223573,
                    0.00011358401388861239,
                    0.00011145800817757845,
                    0.00011108300532214344,
                    0.00011737499153241515,
                    0.00011304198415018618,
                    0.00011054199421778321,
                    0.00011149997590109706,
                    0.00012220899225212634,
                    0.00011708299280144274,
                    0.00011454199557192624,
                    0.00011395898764021695,
                    0.00011154200183227658,
                    0.00011362502118572593,
                    0.00011404100223444402,
                    0.00011158300912939012,
                    0.00011420898954384029,
                    0.00011399999493733048,
                    0.00011124997399747372,
                    0.00011362502118572593,
                    0.00011316602467559278,
                    0.00011374999303370714,
                    0.00011362499208189547,
                    0.00034687502193264663,
                    0.00019804100156761706,
                    0.0001399999891873449,
                    0.00012237500050105155,
                    0.00011754099978134036,
                    0.00012216702452860773,
                    0.00011841699597425759,
                    0.00011666701175272465,
                    0.00012083401088602841,
                    0.00011695802095346153,
                    0.00011608298518694937,
                    0.00011854100739583373,
                    0.00011770898709073663,
                    0.0001143749977927655,
                    0.00011579200509004295,
                    0.00012170799891464412,
                    0.00011979098781011999,
                    0.00011458300286903977,
                    0.0001167499867733568,
                    0.00011774999438785017,
                    0.00011395799810998142,
                    0.00011833399184979498,
                    0.00011770898709073663,
                    0.000113290996523574,
                    0.00011316698510199785,
                    0.00011974998051300645,
                    0.0001153330085799098,
                    0.00011408398859202862,
                    0.00011866699787788093,
                    0.00011529197217896581,
                    0.00011462499969638884,
                    0.00011620798613876104,
                    0.00011758401524275541,
                    0.00011424999684095383,
                    0.0001179169921670109,
                    0.00011591700604185462,
                    0.00011475000064820051,
                    0.00011575000826269388,
                    0.000115082977572456,
                    0.00011258301674388349,
                    0.0001170000177808106,
                    0.00011420800001360476,
                    0.00011212500976398587,
                    0.0001120000088121742,
                    0.0001185830042231828,
                    0.00011391600128263235,
                    0.00011291599366813898,
                    0.00011320802150294185,
                    0.00011570900096558034,
                    0.00011550000635907054,
                    0.00011425002594478428,
                    0.00011391600128263235,
                    0.00011712501873262227,
                    0.00011662501492537558,
                    0.00011429100413806736,
                    0.00011304201325401664,
                    0.00011699998867698014,
                    0.00011566700413823128,
                    0.00011337501928210258,
                    0.00011600001016631722,
                    0.0001151659816969186,
                    0.00011345901293680072,
                    0.00011320901103317738,
                    0.0001176249934360385,
                    0.00011537500540725887,
                    0.00011383398668840528,
                    0.00011537500540725887,
                    0.0001158749801106751,
                    0.00011279198224656284,
                    0.00011650001397356391,
                    0.0001160409883596003,
                    0.00011237498256377876,
                    0.00011699998867698014,
                    0.00011675001587718725,
                    0.00011354201706126332,
                    0.00011829202412627637,
                    0.00011379201896488667,
                    0.00011291701230220497,
                    0.00011566700413823128,
                    0.00011541700223460793,
                    0.0001135829952545464,
                    0.00011258400627411902,
                    0.00011808398994617164,
                    0.00011791600263677537,
                    0.0001158749801106751,
                    0.00011570801143534482,
                    0.00011266701039858162,
                    0.00011237498256377876,
                    0.00011804100358858705,
                    0.00011333401198498905,
                    0.00011229200754314661,
                    0.00011512500350363553,
                    0.00011574997915886343,
                    0.00011312501737847924,
                    0.00011258301674388349,
                    0.00011783299851231277,
                    0.00011429100413806736,
                    0.00011325001833029091,
                    0.0001167499867733568,
                    0.00011824999819509685,
                    0.00011408299906179309,
                    0.00011337499017827213,
                    0.00011754099978134036,
                    0.00011412499588914216,
                    0.00011533402721397579,
                    0.00011512500350363553,
                    0.00011916700168512762,
                    0.00011383401579223573,
                    0.00011304102372378111,
                    0.00011537500540725887,
                    0.00011650001397356391,
                    0.000113667018013075,
                    0.000113667018013075,
                    0.0001188750029541552,
                    0.00011466600699350238,
                    0.00011366698890924454,
                    0.00011508300667628646,
                    0.0001172090123873204,
                    0.00011408299906179309,
                    0.00011320802150294185,
                    0.0001177079975605011,
                    0.00011491597979329526,
                    0.0001134999911300838,
                    0.00011324998922646046,
                    0.00011704201460815966,
                    0.00011354099842719734,
                    0.00011599998106248677,
                    0.00011608400382101536,
                    0.0001152500044554472,
                    0.00011354198795743287,
                    0.00011654201080091298,
                    0.00011658301809802651,
                    0.00011333401198498905,
                    0.00011308299144729972,
                    0.00011658298899419606,
                    0.00011550000635907054,
                    0.0001135829952545464,
                    0.00011354198795743287,
                    0.0001192909840028733,
                    0.00011404100223444402,
                    0.00011287498637102544,
                    0.00011275001452304423,
                    0.00011816597543656826,
                    0.00011550000635907054,
                    0.00011550000635907054,
                    0.00011716599692590535,
                    0.0001164170098491013,
                    0.00011308398097753525,
                    0.0001119170046877116,
                    0.00011616700794547796,
                    0.00015208299737423658,
                    0.00022979098139330745,
                    0.00012120799510739744,
                    0.00011795898899435997,
                    0.00011241700849495828,
                    0.00011516601080074906,
                    0.00011412499588914216,
                    0.00011154101230204105,
                    0.00011462499969638884,
                    0.00011416699271649122,
                    0.00011212500976398587,
                    0.00011141598224639893,
                    0.00012083299225196242,
                    0.00011466699652373791,
                    0.00011195900151506066,
                    0.00011429097503423691,
                    0.00011504199937917292,
                    0.00011195801198482513,
                    0.00011491699842736125,
                    0.00011424999684095383,
                    0.00011258400627411902,
                    0.00011129199992865324,
                    0.00011433399049565196,
                    0.00011449999874457717,
                    0.00011233298573642969,
                    0.00011470899335108697,
                    0.00011533399811014533,
                    0.00011229101801291108,
                    0.00011133300722576678,
                    0.00011470800382085145,
                    0.00011449999874457717,
                    0.00011179197463206947,
                    0.00011441699462011456,
                    0.0001162080152425915,
                    0.00011320901103317738,
                    0.00011320802150294185,
                    0.00011629200889728963,
                    0.00011733299470506608,
                    0.00011379198986105621,
                    0.00011379100033082068,
                    0.00011433300096541643,
                    0.00011837499914690852,
                    0.00011458402150310576,
                    0.00011275001452304423,
                    0.00011320799239911139,
                    0.00011645798804238439,
                    0.00011216601706109941,
                    0.00011079199612140656,
                    0.00011633301619440317,
                    0.00011799999629147351,
                    0.00011087500024586916,
                    0.00011320799239911139,
                    0.00011500000255182385,
                    0.00011183301103301346,
                    0.00011137500405311584,
                    0.00011379198986105621,
                    0.00011479199747554958,
                    0.0001120000088121742,
                    0.00011399999493733048,
                    0.00011412499588914216,
                    0.00011145899770781398,
                    0.00011404100223444402,
                    0.00011337499017827213,
                    0.00011074999929405749,
                    0.00011049999739043415,
                    0.00011600001016631722,
                    0.00011124997399747372,
                    0.00011008401634171605,
                    0.00011370799620635808,
                    0.00011745799565687776,
                    0.00011283400817774236,
                    0.0001127079885918647,
                    0.00011541700223460793,
                    0.00011229200754314661,
                    0.00011108300532214344,
                    0.00011079202522523701,
                    0.00011558301048353314,
                    0.00011179200373589993,
                    0.00011016600183211267,
                    0.00011395799810998142,
                    0.00011354201706126332,
                    0.00011129199992865324,
                    0.00011337499017827213,
                    0.00011512500350363553,
                    0.00011324998922646046,
                    0.00011516700033098459,
                    0.00011670801904983819,
                    0.00011212498066015542,
                    0.00011337499017827213,
                    0.00011325001833029091,
                    0.00010812500840984285,
                    0.00010770800872705877,
                    0.00011304102372378111,
                    0.00010854200809262693,
                    0.00010820900206454098,
                    0.00011091699707321823,
                    0.00011116699897684157,
                    0.00010816697613336146,
                    0.00010737500269897282,
                    0.00011012499453499913,
                    0.00011083399294875562,
                    0.00010774997645057738,
                    0.0001077920023817569,
                    0.00011154200183227658,
                    0.00010987502173520625,
                    0.00010804200428538024,
                    0.00010795801063068211,
                    0.00011704201460815966,
                    0.00011166598415002227,
                    0.0001112080062739551,
                    0.00011279099271632731,
                    0.00011370799620635808,
                    0.00010862498311325908,
                    0.00010883298818953335,
                    0.00011120899580419064,
                    0.00011062499834224582,
                    0.00010887498501688242,
                    0.00010812500840984285,
                    0.0001126249844674021,
                    0.00010933299199678004,
                    0.00011308299144729972,
                    0.00011325001833029091,
                    0.0001142919936683029,
                    0.0001126660208683461,
                    0.00011341701610945165,
                    0.00011399999493733048,
                    0.00011129199992865324,
                    0.00011320799239911139,
                    0.00011395799810998142,
                    0.00011074999929405749,
                    0.00011374999303370714,
                    0.00011320799239911139,
                    0.00011095899390056729,
                    0.00011008299770765007,
                    0.0001161669788416475,
                    0.00011283298954367638,
                    0.0001111250021494925,
                    0.00011129101039841771,
                    0.00011516700033098459,
                    0.00011204200563952327,
                    0.00011041699326597154,
                    0.00011387499398551881,
                    0.0001143749977927655,
                    0.00011170798097737134,
                    0.00011070800246670842,
                    0.00011337499017827213,
                    0.0001128339790739119,
                    0.00011091699707321823,
                    0.00010974999167956412,
                    0.00011391699081286788,
                    0.0001152500044554472,
                    0.0001102499954868108,
                    0.00011379100033082068,
                    0.00011225001071579754,
                    0.00011037499643862247,
                    0.00010949998977594078,
                    0.00011416699271649122,
                    0.00011274998541921377,
                    0.00011150000500492752,
                    0.00011470797471702099,
                    0.00011270900722593069,
                    0.00011100000119768083,
                    0.00011433399049565196,
                    0.00011204200563952327,
                    0.00011049999739043415,
                    0.00011045800056308508,
                    0.00011487500160001218,
                    0.00011183301103301346,
                    0.00011054199421778321,
                    0.0001155420031864196,
                    0.00011100000119768083,
                    0.00010974999167956412,
                    0.00011475000064820051,
                    0.00011133399675600231,
                    0.00010999999358318746,
                    0.0001167499867733568,
                    0.00011587500921450555,
                    0.00010958401253446937,
                    0.00011029202141799033,
                    0.00011654201080091298,
                    0.00011116699897684157,
                    0.00010975002078339458,
                    0.00011308299144729972,
                    0.0001134999911300838,
                    0.00011049999739043415,
                    0.00011049999739043415,
                    0.00011312501737847924,
                    0.00011262501357123256,
                    0.00011029199231415987,
                    0.00010987499263137579,
                    0.00011495800572447479,
                    0.00011120797717012465,
                    0.00010995898628607392,
                    0.00010937501792795956,
                    0.00011275001452304423,
                    0.00011291701230220497,
                    0.00011133297812193632,
                    0.00010974999167956412,
                    0.00011491600889712572,
                    0.00011245801579207182,
                    0.00011087500024586916,
                    0.00011058300151489675,
                    0.00011566601460799575,
                    0.00011175000690855086,
                    0.00011141700088046491,
                    0.00011016600183211267,
                    0.00011533297947607934,
                    0.00011145800817757845,
                    0.00011045800056308508,
                    0.00011470800382085145,
                    0.00011258400627411902,
                    0.00011079199612140656,
                    0.00011045800056308508,
                    0.00011625001206994057,
                    0.00011245801579207182,
                    0.00011074999929405749,
                    0.00011229200754314661,
                    0.00011462499969638884,
                    0.00010841700714081526,
                    0.00010762500460259616,
                    0.00011133297812193632,
                    0.00011170899961143732,
                    0.00010866697994060814,
                    0.00011066699516959488,
                    0.00011100000119768083,
                    0.00010825000936165452,
                    0.00010762500460259616,
                    0.00010712500079534948,
                    0.00011208400246687233,
                    0.00010924998787231743,
                    0.00010795900016091764,
                    0.00010729199857451022,
                    0.00011337501928210258,
                    0.00010833400301635265,
                    0.00010737500269897282,
                    0.0001127920113503933,
                    0.00011008302681148052,
                    0.00010816700523719192,
                    0.00010804200428538024,
                    0.0001134999911300838,
                    0.00011087500024586916,
                    0.00010825000936165452,
                    0.000108207983430475,
                    0.00011166601325385273,
                    0.00011037499643862247,
                    0.00011324998922646046,
                    0.0001169589813798666,
                    0.00011599998106248677,
                    0.00011170801008120179,
                    0.00011195801198482513,
                    0.00011491600889712572,
                    0.00011500000255182385,
                    0.00011208298383280635,
                    0.00011045800056308508,
                    0.00011366599937900901,
                    0.00011345799430273473,
                    0.0001109160075429827,
                    0.00011312498827464879,
                    0.00011312498827464879,
                    0.00011033299961127341,
                    0.00011033299961127341,
                    0.00011291599366813898,
                    0.00011204101610928774,
                    0.00011037499643862247,
                    0.00028600002406165004,
                    0.0003497089783195406,
                    0.0002469169849064201,
                    0.00019391599926166236,
                    0.00016804097685962915,
                    0.00014858299982734025,
                    0.00014566699974238873,
                    0.0001370000245515257,
                    0.00013562501408159733,
                    0.00013087497791275382,
                    0.00012658399646170437,
                    0.00012866698671132326,
                    0.00013025000225752592,
                    0.00012383400462567806,
                    0.00012591600534506142,
                    0.0001235000090673566,
                    0.00012191699352115393,
                    0.0001260839926544577,
                    0.0001214170188177377,
                    0.00011883399565704167,
                    0.00012112499098293483,
                    0.0001188750029541552,
                    0.0001155420031864196,
                    0.0001170000177808106,
                    0.00011979098781011999,
                    0.00011566700413823128,
                    0.00011812502634711564,
                    0.00012016601976938546,
                    0.00011675001587718725,
                    0.00011487500160001218,
                    0.00011712501873262227,
                    0.00011679201270453632,
                    0.00011558400001376867,
                    0.00011362499208189547,
                    0.00012050001532770693,
                    0.00011616700794547796,
                    0.00011570900096558034,
                    0.0001177079975605011,
                    0.00011812499724328518,
                    0.00011508300667628646,
                    0.00011512497439980507,
                    0.00011733401333913207,
                    0.00011754099978134036,
                    0.00011595900286920369,
                    0.00011925000580959022,
                    0.00011904200073331594,
                    0.00011608400382101536,
                    0.00012008301564492285,
                    0.00012149999383836985,
                    0.00011624998296611011,
                    0.00011645897757261992,
                    0.00011487500160001218,
                    0.00012016698019579053,
                    0.00011833300231955945,
                    0.00011583400191739202,
                    0.00011616601841524243,
                    0.00012175002484582365,
                    0.00011854199692606926,
                    0.00011712498962879181,
                    0.00011908399756066501,
                    0.0001203330175485462,
                    0.00011579197598621249,
                    0.00011658301809802651,
                    0.00011862500105053186,
                    0.00011870800517499447,
                    0.00011649998486973345,
                    0.00011541700223460793,
                    0.0001210839836858213,
                    0.00011691698455251753,
                    0.00011562500731088221,
                    0.00011458402150310576,
                    0.00012008301564492285,
                    0.00011841600644402206,
                    0.0001152500044554472,
                    0.00011820800136774778,
                    0.00011858399375341833,
                    0.00011574997915886343,
                    0.00012216699542477727,
                    0.0001232920039910823,
                    0.0001162080152425915,
                    0.00011504098074510694,
                    0.00011720799375325441,
                    0.0001172090123873204,
                    0.00011562500731088221,
                    0.00011449999874457717,
                    0.00011887497385032475,
                    0.00011779199121519923,
                    0.0001177910016849637,
                    0.00011404100223444402,
                    0.0001169589813798666,
                    0.00011658400762826204,
                    0.00011504199937917292,
                    0.00011504199937917292,
                    0.00011645900667645037,
                    0.00011733299470506608,
                    0.00011575000826269388,
                    0.00011662501492537558,
                    0.0001209579932037741,
                    0.00011645798804238439,
                    0.00011708398233167827,
                    0.00011900000390596688,
                    0.00011962497956119478,
                    0.0001167499867733568,
                    0.00011412499588914216,
                    0.00011737499153241515,
                    0.00011666701175272465,
                    0.00011491600889712572,
                    0.00011387499398551881,
                    0.0001126249844674021,
                    0.00011833399184979498,
                    0.00011491600889712572,
                    0.00011433399049565196,
                    0.00011612498201429844,
                    0.00011649998486973345,
                    0.00011345901293680072,
                    0.00011283301864750683,
                    0.00011616700794547796,
                    0.00011612498201429844,
                    0.00011466699652373791,
                    0.00011287498637102544,
                    0.00011833300231955945,
                    0.00011537500540725887,
                    0.00011383299715816975,
                    0.00011304201325401664,
                    0.000123792007798329,
                    0.0001167499867733568,
                    0.00011616700794547796,
                    0.00012004200834780931,
                    0.00011566697503440082,
                    0.00011562500731088221,
                    0.00011895800707861781,
                    0.00011916601215489209,
                    0.00011454199557192624,
                    0.00011424999684095383,
                    0.00011808300041593611,
                    0.00011508399620652199,
                    0.00011399999493733048,
                    0.000113290996523574,
                    0.00012337500811554492,
                    0.00011779202031902969,
                    0.00011541700223460793,
                    0.00011691698455251753,
                    0.00011687498772516847,
                    0.00011416699271649122,
                    0.00011650001397356391,
                    0.00011666701175272465,
                    0.00011449999874457717,
                    0.00011333299335092306,
                    0.00011741701746359468,
                    0.00011662498582154512,
                    0.00011508300667628646,
                    0.00011504199937917292,
                    0.00011774999438785017,
                    0.00011516700033098459,
                    0.00011337501928210258,
                    0.0001126249844674021,
                    0.00011979098781011999,
                    0.00011458300286903977,
                    0.00011366698890924454,
                    0.00011670801904983819,
                    0.00011604200699366629,
                    0.00011383398668840528,
                    0.0001161669788416475,
                    0.00012270899605937302,
                    0.0001139590167440474,
                    0.00011274998541921377,
                    0.00011924997670575976,
                    0.00011566601460799575,
                    0.0001134999911300838,
                    0.00011566700413823128,
                    0.00011587500921450555,
                    0.00011487500160001218,
                    0.00011320799239911139,
                    0.00013437497545965016,
                    0.00011325001833029091,
                    0.00011379198986105621,
                    0.0001145839923992753,
                    0.00011720898328348994,
                    0.00011300001642666757,
                    0.0001128750154748559,
                    0.00011749999248422682,
                    0.00011524997535161674,
                    0.00011300001642666757,
                    0.00011683302000164986,
                    0.0001161250111181289,
                    0.00011741599882952869,
                    0.00011570798233151436,
                    0.00012179199256934226,
                    0.0001153330085799098,
                    0.00011624998296611011,
                    0.00011670798994600773,
                    0.00011395799810998142,
                    0.00011658301809802651,
                    0.00011516601080074906,
                    0.0001127079885918647,
                    0.00011395799810998142,
                    0.00011799999629147351,
                    0.0001142919936683029,
                    0.00011258400627411902,
                    0.0001135829952545464,
                    0.00011704099597409368,
                    0.00011416699271649122,
                    0.00011241700849495828,
                    0.00011195900151506066,
                    0.00011829199502244592,
                    0.0001134169870056212,
                    0.00011162500595673919,
                    0.00011550000635907054,
                    0.00011449999874457717,
                    0.00011304198415018618,
                    0.00011283298954367638,
                    0.00011395799810998142,
                    0.00011666599311865866,
                    0.00011366599937900901,
                    0.00011216601706109941,
                    0.00011629197979345918,
                    0.00011491699842736125,
                    0.00011299998732283711,
                    0.00011579098645597696,
                    0.00011558400001376867,
                    0.00011320799239911139,
                    0.00011399999493733048,
                    0.00011737499153241515,
                    0.00011508300667628646,
                    0.00011416702182032168,
                    0.0001142919936683029,
                    0.00011645900667645037,
                    0.00011824999819509685,
                    0.00011658400762826204,
                    0.00011533399811014533,
                    0.00011820899089798331,
                    0.00011475000064820051,
                    0.00011316599557176232,
                    0.00011774999438785017,
                    0.00011591697693802416,
                    0.00011399999493733048,
                    0.00011387499398551881,
                    0.00011812499724328518,
                    0.00011537500540725887,
                    0.000113667018013075,
                    0.00011650001397356391,
                    0.00011741698835976422,
                    0.00011441600508987904,
                    0.00011445902055129409,
                    0.00011424999684095383,
                    0.00011850000009872019,
                    0.00011566598550416529,
                    0.00011424999684095383,
                    0.0001177910016849637,
                    0.00011995900422334671,
                    0.00011408299906179309,
                    0.0001139590167440474,
                    0.00011841699597425759,
                    0.0001163340057246387,
                    0.00011483300477266312,
                    0.00011333398288115859,
                    0.00012008301564492285,
                    0.00011566601460799575,
                    0.0001188750029541552,
                    0.00011733299470506608,
                    0.00011866699787788093,
                    0.00011550000635907054,
                    0.0002276659943163395,
                    0.00017333397408947349,
                    0.00013637501979246736,
                    0.0001260410062968731,
                    0.000123792007798329,
                    0.00011937500676140189,
                    0.00012083398178219795,
                    0.00012004098971374333,
                    0.00011875000200234354,
                    0.00011950000771321356,
                    0.00011958298273384571,
                    0.00011624998296611011,
                    0.00011966601596213877,
                    0.00011795898899435997,
                    0.00011583298328332603,
                    0.00011987501056864858,
                    0.00011812499724328518,
                    0.00011737499153241515,
                    0.00012108302325941622,
                    0.00011683302000164986,
                    0.00011566598550416529,
                    0.00011387499398551881,
                    0.00011787499533966184,
                    0.00011387499398551881,
                    0.00011387499398551881,
                    0.00012412498472258449,
                    0.00012149999383836985,
                    0.00011500000255182385,
                    0.00011329198605380952,
                    0.00011545800953172147,
                    0.00011720799375325441,
                    0.0001135829952545464,
                    0.00011399999493733048,
                    0.00011812499724328518,
                    0.00011562500731088221,
                    0.00011466600699350238,
                    0.0001135829952545464,
                    0.00011837499914690852,
                    0.00011495800572447479,
                    0.00011699998867698014,
                    0.0001170000177808106,
                    0.00012075001723133028,
                    0.00011574997915886343,
                    0.00011537500540725887,
                    0.00011908399756066501,
                    0.00012025001342408359,
                    0.00011637501302175224,
                    0.00011504199937917292,
                    0.00011591598740778863,
                    0.00012079198495484889,
                    0.00011766699026338756,
                    0.00011508399620652199,
                    0.0001160409883596003,
                    0.00011941601405851543,
                    0.00011699998867698014,
                    0.00011508300667628646,
                    0.000118332973215729,
                    0.00011733299470506608,
                    0.00011558301048353314,
                    0.00011512500350363553,
                    0.00011895899660885334,
                    0.00011695799184963107,
                    0.00011550000635907054,
                    0.00011654198169708252,
                    0.00012049998622387648,
                    0.000115458999061957,
                    0.0001143749977927655,
                    0.00011833300231955945,
                    0.00011870800517499447,
                    0.0001161250111181289,
                    0.00011445899144746363,
                    0.00011924997670575976,
                    0.00011737499153241515,
                    0.00011537500540725887,
                    0.00011641698074527085,
                    0.0001195840013679117,
                    0.00011850000009872019,
                    0.00011783401714637876,
                    0.00011995801469311118,
                    0.00011812499724328518,
                    0.00011662501492537558,
                    0.00011749999248422682,
                    0.00011724999058060348,
                    0.00012133299605920911,
                    0.00011383398668840528,
                    0.00011841600644402206,
                    0.000116915995022282,
                    0.0001143749977927655,
                    0.00011420901864767075,
                    0.0001213340146932751,
                    0.00011595900286920369,
                    0.00011445899144746363,
                    0.00011920899851247668,
                    0.00011570900096558034,
                    0.00011487500160001218,
                    0.00011420901864767075,
                    0.00011712501873262227,
                    0.00011787499533966184,
                    0.00011541700223460793,
                    0.00011362499208189547,
                    0.00011991697829216719,
                    0.00011537500540725887,
                    0.0001137089857365936,
                    0.0001137089857365936,
                    0.00011749999248422682,
                    0.0001155420031864196,
                    0.00011354099842719734,
                    0.00011299998732283711,
                    0.00011625001206994057,
                    0.00011820800136774778,
                    0.00011608301429077983,
                    0.00011508300667628646,
                    0.00011566700413823128,
                    0.00011916700168512762,
                    0.00011958298273384571,
                    0.0001168329908978194,
                    0.00011449999874457717,
                    0.00011958301183767617,
                    0.00011679099407047033,
                    0.0001148340234067291,
                    0.00011479100794531405,
                    0.00011833399184979498,
                    0.00011737499153241515,
                    0.0001143749977927655,
                    0.00011533399811014533,
                    0.00011916700168512762,
                    0.00012254199828021228,
                    0.00011504199937917292,
                    0.0001188750029541552,
                    0.00011833300231955945,
                    0.00011662498582154512,
                    0.00011579200509004295,
                    0.00011929200263693929,
                    0.00011624998296611011,
                    0.00011562500731088221,
                    0.00011929197353310883,
                    0.00011766600073315203,
                    0.00011600001016631722,
                    0.00011520899715833366,
                    0.0001197500096168369,
                    0.00011575000826269388,
                    0.00011475000064820051,
                    0.00011716698645614088,
                    0.0001200829865410924,
                    0.00011579200509004295,
                    0.000115458999061957,
                    0.00011662501492537558,
                    0.00011862500105053186,
                    0.00011454100604169071,
                    0.00011312498827464879,
                    0.00011708299280144274,
                    0.00011545800953172147,
                    0.00011479199747554958,
                    0.0001138330262620002,
                    0.00011875000200234354,
                    0.00011483300477266312,
                    0.00011337499017827213,
                    0.0001126249844674021,
                    0.00011616700794547796,
                    0.00011620798613876104,
                    0.0001137089857365936,
                    0.00011416699271649122,
                    0.00011941598495468497,
                    0.00011395799810998142,
                    0.00011374999303370714,
                    0.00011587500921450555,
                    0.00011825002729892731,
                    0.00011383401579223573,
                    0.00011804202222265303,
                    0.00011291701230220497,
                    0.00011891601025126874,
                    0.0001153330085799098,
                    0.00011533297947607934,
                    0.00011391600128263235,
                    0.00011850000009872019,
                    0.00011658298899419606,
                    0.00011504199937917292,
                    0.0001170419855043292,
                    0.00012008301564492285,
                    0.00011570801143534482,
                    0.00012233300367370248,
                    0.00011716701555997133,
                    0.00011474997154437006,
                    0.00011420898954384029,
                    0.00011733401333913207,
                    0.00011737502063624561,
                    0.00011575000826269388,
                    0.0001159579842351377,
                    0.00011900000390596688,
                    0.00011633298709057271,
                    0.00011941700358875096,
                    0.00011691701365634799,
                    0.00011683398042805493,
                    0.00011504199937917292,
                    0.00011404202086851001,
                    0.0001221249985974282,
                    0.0001204160216730088,
                    0.0001203749852720648,
                    0.00011195798288099468,
                    0.00011870800517499447,
                    0.00011458300286903977,
                    0.00011279099271632731,
                    0.00011387499398551881,
                    0.00011741698835976422,
                    0.00011170798097737134,
                    0.00011116699897684157,
                    0.0001144580019172281,
                    0.00011479100794531405,
                    0.00011233298573642969,
                    0.00011449999874457717,
                    0.00011466600699350238,
                    0.00011233400437049568,
                    0.00011541598360054195,
                    0.00011883300612680614,
                    0.00011520800762809813,
                    0.00011179200373589993,
                    0.00011362499208189547,
                    0.00011650001397356391,
                    0.00011500000255182385,
                    0.00011458300286903977,
                    0.00011641599121503532,
                    0.00011908300803042948,
                    0.00012254199828021228,
                    0.00011087500024586916,
                    0.00011470800382085145,
                    0.00011299998732283711,
                    0.0001120830129366368,
                    0.00011333299335092306,
                    0.00011687501682899892,
                    0.00011250001261942089,
                    0.00011183400056324899,
                    0.00011070800246670842,
                    0.00011516700033098459,
                    0.00011145800817757845,
                    0.00011054100468754768,
                    0.00011362499208189547,
                    0.00011404100223444402,
                    0.00011125000310130417,
                    0.00011083300341852009,
                    0.00011254200944676995,
                    0.00011520797852426767,
                    0.00011100000119768083,
                    0.00011012499453499913,
                    0.0001135829952545464,
                    0.00011366599937900901,
                    0.00011129199992865324,
                    0.00011074999929405749,
                    0.0001144580019172281,
                    0.0001135829952545464,
                    0.00011091699707321823,
                    0.00011049999739043415,
                    0.0001168329908978194,
                    0.0001153330085799098,
                    0.00011370901484042406,
                    0.00011787499533966184,
                    0.00012083401088602841,
                    0.00011579200509004295,
                    0.00011529200128279626,
                    0.00011979200644418597,
                    0.0001179169921670109,
                    0.00011487500160001218,
                    0.000115082977572456,
                    0.00011729198740795255,
                    0.00011741701746359468,
                    0.00011516601080074906,
                    0.0001167499867733568,
                    0.0001197500096168369,
                    0.00011608298518694937,
                    0.00011558400001376867,
                    0.00011570801143534482,
                    0.00012070898083038628,
                    0.00011616700794547796,
                    0.00011441699462011456,
                    0.00011687498772516847,
                    0.0001195840013679117,
                    0.00011549997725524008,
                    0.00011520899715833366,
                    0.00011908300803042948,
                    0.00011837499914690852,
                    0.0001164170098491013,
                    0.00011537497630342841,
                    0.00012070799130015075,
                    0.00011758299660868943,
                    0.00011604200699366629,
                    0.00011983298463746905,
                    0.00011533399811014533,
                    0.00011508402531035244,
                    0.00011383299715816975,
                    0.00011695901048369706,
                    0.00011758302571251988,
                    0.00011495800572447479,
                    0.00011487500160001218,
                    0.00011374999303370714,
                    0.00011854199692606926,
                    0.0001162910193670541,
                    0.00011504098074510694,
                    0.00011837499914690852,
                    0.00011904101120308042,
                    0.00011658397852443159,
                    0.00011579200509004295,
                    0.00011816699407063425,
                    0.00011841699597425759,
                    0.00011529200128279626,
                    0.00011429202277213335,
                    0.00012029201025143266,
                    0.00011612498201429844,
                    0.00011500000255182385,
                    0.00011733299470506608,
                    0.0001179169921670109,
                    0.0001152500044554472,
                    0.00011754201841540635,
                    0.00011808300041593611,
                    0.00011445899144746363,
                    0.00011466600699350238,
                    0.00012166702072136104,
                    0.00011666701175272465,
                    0.00012141698971390724,
                    0.0003053330001421273,
                    0.00019424999481998384,
                    0.00013775000115856528,
                    0.0001226250024046749,
                    0.0001194580108858645,
                    0.00011933298083022237,
                    0.0001164170098491013,
                    0.00011358302435837686,
                    0.00011237498256377876,
                    0.00011699998867698014,
                    0.00011783299851231277,
                    0.00011579200509004295,
                    0.0001151659816969186,
                    0.00011720799375325441,
                    0.0003354589862283319,
                    0.00018924998585134745,
                    0.00012083299225196242,
                    0.00011658400762826204,
                    0.00011462499969638884,
                    0.00011787499533966184,
                    0.00011554101365618408,
                    0.00011683400953188539,
                    0.0001167499867733568,
                    0.00011812499724328518,
                    0.00011370799620635808,
                    0.00011391699081286788,
                    0.00011737499153241515,
                    0.00011504100984893739,
                    0.00011399999493733048,
                    0.00011725001968443394,
                    0.00011516700033098459,
                    0.0001134999911300838,
                    0.00011912500485777855,
                    0.0001143749977927655,
                    0.00011424999684095383,
                    0.00011666602222248912,
                    0.00011820902000181377,
                    0.00011191598605364561,
                    0.00011433300096541643,
                    0.00011424999684095383,
                    0.00011416702182032168,
                    0.0001127920113503933,
                    0.00011937500676140189,
                    0.00011770901619456708,
                    0.00011587500921450555,
                    0.00011583298328332603,
                    0.00012516698916442692,
                    0.00011395799810998142,
                    0.00011475000064820051,
                    0.00011520800762809813,
                    0.0001185830042231828,
                    0.00011979098781011999,
                    0.00011558301048353314,
                    0.0001210409973282367,
                    0.00011550000635907054,
                    0.00011379201896488667,
                    0.0001187919988296926,
                    0.00011850000009872019,
                    0.00012495898408815265,
                    0.00011404199176467955,
                    0.0001195840013679117,
                    0.00011520800762809813,
                    0.00011308299144729972,
                    0.00011554101365618408,
                    0.00011762502253986895,
                    0.00011229098890908062,
                    0.00011029199231415987,
                    0.00011754099978134036,
                    0.00011254099081270397,
                    0.00011154101230204105,
                    0.00011145797907374799,
                    0.00011900000390596688,
                    0.00011766600073315203,
                    0.00011529098264873028,
                    0.00011645801714621484,
                    0.00011662498582154512,
                    0.00011570801143534482,
                    0.00011454100604169071,
                    0.0001195410150103271,
                    0.00011570900096558034,
                    0.00011420800001360476,
                    0.00011987501056864858,
                    0.00011754201841540635,
                    0.00011416702182032168,
                    0.00011379201896488667,
                    0.0001152500044554472,
                    0.00011558400001376867,
                    0.0001128750154748559,
                    0.0001125419803429395,
                    0.00011875000200234354,
                    0.00011433300096541643,
                    0.00011345901293680072,
                    0.00011587500921450555,
                    0.00011637498391792178,
                    0.00011320901103317738,
                    0.00011308302055113018,
                    0.00011354201706126332,
                    0.0001181670231744647,
                    0.00011379100033082068,
                    0.00011295900912955403,
                    0.00011433300096541643,
                    0.00011679201270453632,
                    0.00011412502499297261,
                    0.00011212500976398587,
                    0.00011529098264873028,
                    0.00011483300477266312,
                    0.00011324998922646046,
                    0.00011216700659133494,
                    0.00011579098645597696,
                    0.0001170419855043292,
                    0.00011449999874457717,
                    0.00011641698074527085,
                    0.00011766699026338756,
                    0.00011391699081286788,
                    0.00011283400817774236,
                    0.00011562500731088221,
                    0.00011541700223460793,
                    0.00011325001833029091,
                    0.00011624998296611011,
                    0.00011470899335108697,
                    0.00011333299335092306,
                    0.00011274998541921377,
                    0.00011766600073315203,
                    0.0001142919936683029,
                    0.00011295799049548805,
                    0.00011233298573642969,
                    0.0001152500044554472,
                    0.0001155420031864196,
                    0.00011300001642666757,
                    0.00011237498256377876,
                    0.00011550000635907054,
                    0.00011595900286920369,
                    0.0001124159898608923,
                    0.00011520800762809813,
                    0.00011591700604185462,
                    0.0001129580195993185,
                    0.00011179200373589993,
                    0.00011620798613876104,
                    0.0001143749977927655,
                    0.00011337499017827213,
                    0.00011504199937917292,
                    0.0001170419855043292,
                    0.00011345799430273473,
                    0.00011666701175272465,
                    0.00011620900477282703,
                    0.00011429100413806736,
                    0.00011500000255182385,
                    0.00011779199121519923,
                    0.00011487500160001218,
                    0.0001134169870056212,
                    0.00011233400437049568,
                    0.00011716701555997133,
                    0.0001134999911300838,
                    0.00011337499017827213,
                    0.00011629200889728963,
                    0.00011495800572447479,
                    0.00012650000280700624,
                    0.00011733401333913207,
                    0.00011691602412611246,
                    0.00011458297376520932,
                    0.00011433300096541643,
                    0.00011829199502244592,
                    0.0001143749977927655,
                    0.00011312498827464879,
                    0.00011362499208189547,
                    0.00011920800898224115,
                    0.00011608298518694937,
                    0.00011362499208189547,
                    0.00012066698400303721,
                    0.00011374999303370714,
                    0.00011254200944676995,
                    0.00011575000826269388,
                    0.00011475000064820051,
                    0.00011345799430273473,
                    0.00011599998106248677,
                    0.00011566700413823128,
                    0.00011337501928210258,
                    0.00011729198740795255,
                    0.00011337499017827213,
                    0.00011208298383280635,
                    0.00011487500160001218,
                    0.00011595801333896816,
                    0.0001128750154748559,
                    0.00011283298954367638,
                    0.00011208298383280635,
                    0.00011808398994617164,
                    0.00011304201325401664,
                    0.00011279102182015777,
                    0.00011600001016631722,
                    0.00011870800517499447,
                    0.00011412499588914216,
                    0.00011620900477282703,
                    0.000116915995022282,
                    0.0001143749977927655,
                    0.00011416699271649122,
                    0.00011854199692606926,
                    0.00011608400382101536,
                    0.00011424999684095383,
                    0.00011320901103317738,
                    0.00011749999248422682,
                    0.00011662498582154512,
                    0.0001145839923992753,
                    0.00011383398668840528,
                    0.00012033298844471574,
                    0.00011512500350363553,
                    0.00011424999684095383,
                    0.00011799999629147351,
                    0.00011416702182032168,
                    0.00011275001452304423,
                    0.00011516700033098459,
                    0.0001162080152425915,
                    0.00011650001397356391,
                    0.00011291599366813898,
                    0.00011862500105053186,
                    0.00011345799430273473,
                    0.00011249998351559043,
                    0.00011491699842736125,
                    0.00011724999058060348,
                    0.00011308299144729972,
                    0.00011283400817774236,
                    0.00011566601460799575,
                    0.00011599998106248677,
                    0.00011300001642666757,
                    0.0001162080152425915,
                    0.00011633298709057271,
                    0.00011362499208189547,
                    0.00011354198795743287,
                    0.00011633298709057271,
                    0.00011791600263677537,
                    0.00011587500921450555,
                    0.0001200829865410924,
                    0.000121958990348503,
                    0.00011850000009872019,
                    0.00011999998241662979,
                    0.00012033298844471574,
                    0.00011691701365634799,
                    0.00011358401388861239,
                    0.00011591598740778863,
                    0.00011570900096558034,
                    0.00011350002023391426,
                    0.00011270900722593069,
                    0.00011875000200234354,
                    0.00011475000064820051,
                    0.00011404199176467955,
                    0.00011491699842736125,
                    0.00011750002158805728,
                    0.00011391600128263235,
                    0.00011324998922646046,
                    0.00011633397662080824,
                    0.0001167499867733568,
                    0.00011404199176467955,
                    0.0001127920113503933,
                    0.00011741701746359468,
                    0.00011449999874457717,
                    0.00011854199692606926,
                    0.00011870800517499447,
                    0.0001194999786093831,
                    0.0001226250024046749,
                    0.00012141698971390724,
                    0.0001265829778276384,
                    0.00012275000335648656,
                    0.0001307500060647726,
                    0.000127042003441602,
                    0.00012154199066571891,
                    0.00012512499233707786,
                    0.00012337500811554492,
                    0.00011837499914690852,
                    0.00012133299605920911,
                    0.00012041701120324433,
                    0.0001162080152425915,
                    0.00011366698890924454,
                    0.00011908297892659903,
                    0.00011449999874457717,
                    0.0001162080152425915,
                    0.00011695901048369706,
                    0.00011516700033098459,
                    0.00011449999874457717,
                    0.00011925000580959022,
                    0.00011470902245491743,
                    0.00011333302245475352,
                    0.00011662501492537558,
                    0.00011774999438785017,
                    0.00011441702372394502,
                    0.0001130840100813657,
                    0.00011754099978134036,
                    0.0001159579842351377,
                    0.00011408299906179309,
                    0.00011758299660868943,
                    0.0002051659976132214,
                    0.00024704201496206224,
                    0.00014433401520363986,
                    0.00012345900177024305,
                    0.0001163340057246387,
                    0.00011337501928210258,
                    0.00012099999003112316,
                    0.00011779199121519923,
                    0.0001128339790739119,
                    0.00011633301619440317,
                    0.00011262501357123256,
                    0.0001100839872378856,
                    0.00011420898954384029,
                    0.00010983299580402672,
                    0.00010858298628591001,
                    0.00011345898383297026,
                    0.00011479199747554958,
                    0.00011362499208189547,
                    0.00011008299770765007,
                    0.00011162497685290873,
                    0.00010883400682359934,
                    0.0001100839872378856,
                    0.00011141598224639893,
                    0.00010812500840984285,
                    0.00011012499453499913,
                    0.0001125419803429395,
                    0.00010899998596869409,
                    0.00010679199476726353,
                    0.00010983398533426225,
                    0.00011029199231415987,
                    0.00010745899635367095,
                    0.00010687499889172614,
                    0.00011270900722593069,
                    0.00010999999358318746,
                    0.00010754200047813356,
                    0.0001067080011125654,
                    0.00011187500786036253,
                    0.00010979099897667766,
                    0.00010870897676795721,
                    0.0001112080062739551,
                    0.00010929099516943097,
                    0.00010704199667088687,
                    0.00010637499508447945,
                    0.00011279099271632731,
                    0.00010775000555440784,
                    0.00010791700333356857,
                    0.00010708300396800041,
                    0.00011175000690855086,
                    0.00010820801253430545,
                    0.00010633398778736591,
                    0.00011179200373589993,
                    0.00011020901729352772,
                    0.00011058399104513228,
                    0.00011345901293680072,
                    0.00011158300912939012,
                    0.00011129199992865324,
                    0.00010975002078339458,
                    0.00011429202277213335,
                    0.00010791601380333304,
                    0.000106791005237028,
                    0.00010608398588374257,
                    0.00011116699897684157,
                    0.00010754200047813356,
                    0.00010608299635350704,
                    0.00010916701285168529,
                    0.00011079199612140656,
                    0.0001066249969881028,
                    0.00010816598660312593,
                    0.00011250001261942089,
                    0.00011079100659117103,
                    0.00011266701039858162,
                    0.00011216700659133494,
                    0.00010904201189987361,
                    0.00011212498066015542,
                    0.00011091699707321823,
                    0.00010991599992848933,
                    0.00011179098510183394,
                    0.00011283301864750683,
                    0.00010991599992848933,
                    0.00010895801824517548,
                    0.00011216697748750448,
                    0.00011100000119768083,
                    0.00010866697994060814,
                    0.00011020799865946174,
                    0.00011366599937900901,
                    0.00011008299770765007,
                    0.00010904201189987361,
                    0.00011154200183227658,
                    0.00040337498649023473,
                    0.00019491699640639126,
                    0.00013629099703393877,
                    0.00012695800978690386,
                    0.00012454198440536857,
                    0.00012008400517515838,
                    0.00011766600073315203,
                    0.00012083401088602841,
                    0.00011791600263677537,
                    0.00011662501492537558,
                    0.00011775002349168062,
                    0.00012345798313617706,
                    0.00011729198740795255,
                    0.00011583301238715649,
                    0.00011804100358858705,
                    0.00011958301183767617,
                    0.00011654099216684699,
                    0.00011933300993405282,
                    0.00011991598876193166,
                    0.00011566601460799575,
                    0.00011558400001376867,
                    0.000115458999061957,
                    0.00012112502008676529,
                    0.00011775002349168062,
                    0.00011520797852426767,
                    0.00011529200128279626,
                    0.00012129198876209557,
                    0.00011599998106248677,
                    0.00011508300667628646,
                    0.00011841699597425759,
                    0.0001185830042231828,
                    0.00011562500731088221,
                    0.00011454199557192624,
                    0.00011749999248422682,
                    0.00011708299280144274,
                    0.00011537497630342841,
                    0.00011908300803042948,
                    0.00011766699026338756,
                    0.00011691698455251753,
                    0.00011449999874457717,
                    0.00011629197979345918,
                    0.00011724999058060348,
                    0.00011479100794531405,
                    0.00011937497765757143,
                    0.00011729099787771702,
                    0.00011520800762809813,
                    0.00011679198360070586,
                    0.00011737499153241515,
                    0.00011591700604185462,
                    0.00012104198685847223,
                    0.00011549997725524008,
                    0.00011399999493733048,
                    0.00011662501492537558,
                    0.00011704201460815966,
                    0.00011462499969638884,
                    0.00022600000374950469,
                    0.0001438329927623272,
                    0.00011520899715833366,
                    0.00011045800056308508,
                    0.00010870900587178767,
                    0.00011108297621831298,
                    0.00011079199612140656,
                    0.00010887501412071288,
                    0.00010825000936165452,
                    0.00011283298954367638,
                    0.00011037499643862247,
                    0.00010933401063084602,
                    0.00011591601651161909,
                    0.00011350002023391426,
                    0.00010883397771976888,
                    0.0001127920113503933,
                    0.00010850001126527786,
                    0.00011516700033098459,
                    0.0001170000177808106,
                    0.00010833400301635265,
                    0.00011979098781011999,
                    0.00011591700604185462,
                    0.00011337499017827213,
                    0.00010891698184423149,
                    0.00011379198986105621,
                    0.00011066699516959488,
                    0.0001111250021494925,
                    0.00011258301674388349,
                    0.00011129098129458725,
                    0.00010925001697614789,
                    0.00010833298438228667,
                    0.00011404100223444402,
                    0.00011079199612140656,
                    0.00011504098074510694,
                    0.00011820800136774778,
                    0.00011166700278408825,
                    0.00010912498692050576,
                    0.00011004199041053653,
                    0.00011616700794547796,
                    0.00010979201761074364,
                    0.00011429100413806736,
                    0.00011154200183227658,
                    0.00011466699652373791,
                    0.00011558400001376867,
                    0.00011254099081270397,
                    0.00011233301484026015,
                    0.00011675001587718725,
                    0.00011329198605380952,
                    0.00011104100849479437,
                    0.00011479199747554958,
                    0.00011420800001360476,
                    0.00011129199992865324,
                    0.00011125000310130417,
                    0.00011725001968443394,
                    0.0001126249844674021,
                    0.00011249998351559043,
                    0.0001137500221375376,
                    0.00011491699842736125,
                    0.00011216598795726895,
                    0.00011258400627411902,
                    0.00011458300286903977,
                    0.00011412502499297261,
                    0.00011254200944676995,
                    0.00011583298328332603,
                    0.00011620900477282703,
                    0.00011454097693786025,
                    0.00011841600644402206,
                    0.00011466600699350238,
                    0.00011304198415018618,
                    0.00011537500540725887,
                    0.00011779202031902969,
                    0.00011208400246687233,
                    0.00011158300912939012,
                    0.00011687501682899892,
                    0.00011224998161196709,
                    0.00011125000310130417,
                    0.00011379198986105621,
                    0.00011495797662064433,
                    0.00011229101801291108,
                    0.00011487500160001218,
                    0.00011387502308934927,
                    0.0001128750154748559,
                    0.0001148340234067291,
                    0.0001155420031864196,
                    0.00011329198605380952,
                    0.00011145800817757845,
                    0.00011637498391792178,
                    0.00011216700659133494,
                    0.00011083300341852009,
                    0.00011066699516959488,
                    0.0001134999911300838,
                    0.00011424999684095383,
                    0.00011129101039841771,
                    0.00011441699462011456,
                    0.00011612498201429844,
                    0.00011187500786036253,
                    0.00011137500405311584,
                    0.00011066600563935935,
                    0.00011316599557176232,
                    0.00011020799865946174,
                    0.0001086670090444386,
                    0.00010779098374769092,
                    0.00011083399294875562,
                    0.000111832981929183,
                    0.00010912501602433622,
                    0.00010825000936165452,
                    0.00011100000119768083,
                    0.00010991698945872486,
                    0.00010854197898879647,
                    0.00010920799104496837,
                    0.00011254200944676995,
                    0.0001082909875549376,
                    0.00010800000745803118,
                    0.00010991701856255531,
                    0.0001155420031864196,
                    0.00011424999684095383,
                    0.0001144580019172281,
                    0.00011383299715816975,
                    0.00011158399865962565,
                    0.00011500000255182385,
                    0.00011500000255182385,
                    0.00011479097884148359,
                    0.00011775002349168062,
                    0.0001110419980250299,
                    0.00011487500160001218,
                    0.00011204200563952327,
                    0.00011445899144746363,
                    0.00011033398914150894,
                    0.00011766699026338756,
                    0.00011208298383280635,
                    0.00011141601135022938,
                    0.00011141700088046491,
                    0.00010966599802486598,
                    0.00011258298764005303,
                    0.00011204197653569281,
                    0.00010920802014879882,
                    0.00011191598605364561,
                    0.00011250001261942089,
                    0.00010991599992848933,
                    0.00011162500595673919,
                    0.00011170801008120179,
                    0.00011137500405311584,
                    0.00011745799565687776,
                    0.00011362499208189547,
                    0.00011087500024586916,
                    0.0001115409831982106,
                    0.00010950001887977123,
                    0.00011470902245491743,
                    0.00011037499643862247,
                    0.00010979198850691319,
                    0.00011129199992865324,
                    0.00011845800327137113,
                    0.00011287498637102544,
                    0.00011500000255182385,
                    0.00011495800572447479,
                    0.00011129199992865324,
                    0.00011591700604185462,
                    0.00011179200373589993,
                    0.00010908397962339222,
                    0.00011245798668824136,
                    0.00011204200563952327,
                    0.00010758399730548263,
                    0.00010979099897667766,
                    0.00010904201189987361,
                    0.00010629199096001685,
                    0.00010950001887977123,
                    0.0001084999821614474,
                    0.00010616699000820518,
                    0.0001060419890563935,
                    0.00010870798723772168,
                    0.00010804200428538024,
                    0.00010570898302830756,
                    0.00010562498937360942,
                    0.00011087500024586916,
                    0.00010679199476726353,
                    0.00010633302736096084,
                    0.0001054170134011656,
                    0.00011116699897684157,
                    0.00010720800491981208,
                    0.00010666699381545186,
                    0.00011137500405311584,
                    0.00010870900587178767,
                    0.00010891698184423149,
                    0.00010966698755510151,
                    0.00010783300967887044,
                    0.00010608299635350704,
                    0.00010512498556636274,
                    0.00010912501602433622,
                    0.00010725000174716115,
                    0.00010958398343063891,
                    0.00011204200563952327,
                    0.00010879200999625027,
                    0.00010687499889172614,
                    0.00011049999739043415,
                    0.0001095420157071203,
                    0.00010637502418830991,
                    0.00011137500405311584,
                    0.00011049999739043415,
                    0.00010750000365078449,
                    0.00010987499263137579,
                    0.00011054097558371723,
                    0.00010866601951420307,
                    0.00011075002839788795,
                    0.00011054202332161367,
                    0.00027954200049862266,
                    0.00012845901073887944,
                    0.0001222910068463534,
                    0.0001170000177808106,
                    0.00011783299851231277,
                    0.00011845800327137113,
                    0.00011475000064820051,
                    0.00011441699462011456,
                    0.00011824999819509685,
                    0.00011625001206994057,
                    0.00011441699462011456,
                    0.00011624998296611011,
                    0.00011804199311882257,
                    0.00011579098645597696,
                    0.00011583301238715649,
                    0.00011824999819509685,
                    0.00011779202031902969,
                    0.00011462499969638884,
                    0.0001188750029541552,
                    0.00011741599882952869,
                    0.00011395898764021695,
                    0.00011862500105053186,
                    0.00011745799565687776,
                    0.00011420901864767075,
                    0.0001192909840028733,
                    0.00011595900286920369,
                    0.00011487500160001218,
                    0.00023662499734200537,
                    0.0001971669844351709,
                    0.00013712499639950693,
                    0.0001252919901162386,
                    0.00011795901809819043,
                    0.00011925000580959022,
                    0.00011749999248422682,
                    0.00011562500731088221,
                    0.00011512500350363553,
                    0.00011387499398551881,
                    0.0001110419980250299,
                    0.00012141698971390724,
                    0.00011345898383297026,
                    0.00011058300151489675,
                    0.00011033299961127341,
                    0.0001115409831982106,
                    0.00011304102372378111,
                    0.00010950001887977123,
                    0.00010912498692050576,
                    0.00011258397717028856,
                    0.0001120000088121742,
                    0.00010958299390040338,
                    0.0001099579967558384,
                    0.00011199997970834374,
                    0.00011250001261942089,
                    0.00011029097368009388,
                    0.00011158399865962565,
                    0.0001111250021494925,
                    0.00010891698184423149,
                    0.00011183400056324899,
                    0.00011225001071579754,
                    0.00010949998977594078,
                    0.00011804199311882257,
                    0.00011537500540725887,
                    0.00011079199612140656,
                    0.00010854200809262693,
                    0.00010979201761074364,
                    0.00011633298709057271,
                    0.00011579200509004295,
                    0.000110041000880301,
                    0.00011258301674388349,
                    0.00011316701420582831,
                    0.00011095800437033176,
                    0.0001090829900931567,
                    0.00011195900151506066,
                    0.00011220801388844848,
                    0.00011020799865946174,
                    0.00010941701475530863,
                    0.00011295898002572358,
                    0.00011058300151489675,
                    0.00010899998596869409,
                    0.00010908400872722268,
                    0.00011600001016631722,
                    0.00011058300151489675,
                    0.00010920799104496837,
                    0.00011149997590109706,
                    0.0002069160109385848,
                    0.0002557499974500388,
                    0.00015279100625775754,
                    0.00013070800923742354,
                    0.00012408298789523542,
                    0.00012295899796299636,
                    0.00012145802611485124,
                    0.00011720799375325441,
                    0.00011970801278948784,
                    0.00011920899851247668,
                    0.00011775002349168062,
                    0.00011845800327137113,
                    0.00012020798749290407,
                    0.00011675001587718725,
                    0.00011916598305106163,
                    0.00011908399756066501,
                    0.00011704099597409368,
                    0.00012133398558944464,
                    0.00011816699407063425,
                    0.00011562500731088221,
                    0.00011562500731088221,
                    0.00011995798558928072,
                    0.00011562500731088221,
                    0.00011429202277213335,
                    0.00011645801714621484,
                    0.00011812499724328518,
                    0.00011479202657938004,
                    0.00011854100739583373,
                    0.00011916700168512762,
                    0.0001155420031864196,
                    0.00011454199557192624,
                    0.00012062498717568815,
                    0.00011408398859202862,
                    0.00011358398478478193,
                    0.0001134169870056212,
                    0.00011950000771321356,
                    0.00011475000064820051,
                    0.00011345799430273473,
                    0.00011312501737847924,
                    0.0001188750029541552,
                    0.00011566700413823128,
                    0.000117292016511783,
                    0.00011937497765757143,
                    0.00011570801143534482,
                    0.00011925000580959022,
                    0.00011591700604185462,
                    0.00011500000255182385,
                    0.00012050001532770693,
                    0.00011712501873262227,
                    0.00011541598360054195,
                    0.0001188750029541552,
                    0.00011850000009872019,
                    0.00011537497630342841,
                    0.00011458300286903977,
                    0.00011924997670575976,
                    0.00011712501873262227,
                    0.00011391701991669834,
                    0.00011312501737847924,
                    0.00011750002158805728,
                    0.00011629200889728963,
                    0.00011541598360054195,
                    0.00011779199121519923,
                    0.00011799999629147351,
                    0.00011666701175272465,
                    0.00011770898709073663,
                    0.00011841699597425759,
                    0.000115458999061957,
                    0.00011466702562756836,
                    0.00011408299906179309,
                    0.00012541699106805027,
                    0.0001197500096168369,
                    0.00020679199951700866,
                    0.0001718339917715639,
                    0.00013783399481326342,
                    0.00012516701826825738,
                    0.0001188750029541552,
                    0.00011987501056864858,
                    0.00011795901809819043,
                    0.0001152500044554472,
                    0.00011399999493733048,
                    0.00011900000390596688,
                    0.00012433400843292475,
                    0.00011870800517499447,
                    0.000117292016511783,
                    0.00011862500105053186,
                    0.00011691701365634799,
                    0.00011891699978150427,
                    0.00011799999629147351,
                    0.00011575000826269388,
                    0.00011341701610945165,
                    0.00011300001642666757,
                    0.00011845800327137113,
                    0.00011824999819509685,
                    0.00011362499208189547,
                    0.00011729198740795255,
                    0.00011433300096541643,
                    0.00011720898328348994,
                    0.00011712498962879181,
                    0.00011679099407047033,
                    0.00011579101555980742,
                    0.00011733299470506608,
                    0.00011429100413806736,
                    0.00011308299144729972,
                    0.00011458300286903977,
                    0.00011770901619456708,
                    0.00011591598740778863,
                    0.00011245798668824136,
                    0.00011604101746343076,
                    0.00011612498201429844,
                    0.00011324998922646046,
                    0.00011262501357123256,
                    0.00011737499153241515,
                    0.00011575000826269388,
                    0.00011433300096541643,
                    0.00011279099271632731,
                    0.00011808398994617164,
                    0.00011475000064820051,
                    0.00011220798478461802,
                    0.00011812499724328518,
                    0.00011454100604169071,
                    0.00011337499017827213,
                    0.00011804199311882257,
                    0.00011466699652373791,
                    0.00011354099842719734,
                    0.00011600001016631722,
                    0.0001158749801106751,
                    0.00011379100033082068,
                    0.00011283301864750683,
                    0.00011779199121519923,
                    0.00011329201515763998,
                    0.00011320802150294185,
                    0.00011545798042789102,
                    0.00011641599121503532,
                    0.000113667018013075,
                    0.00011425002594478428,
                    0.00011804199311882257,
                    0.0001152500044554472,
                    0.00011662498582154512,
                    0.00011337499017827213,
                    0.00011704099597409368,
                    0.00011491699842736125,
                    0.00011454199557192624,
                    0.00011458297376520932,
                    0.00011650001397356391,
                    0.00011545798042789102,
                    0.00011308302055113018,
                    0.00011362502118572593,
                    0.00011799999629147351,
                    0.0001145839923992753,
                    0.00011295900912955403,
                    0.00011716701555997133,
                    0.0001170830219052732,
                    0.00011275001452304423,
                    0.00011570798233151436,
                    0.00011537500540725887,
                    0.00011387499398551881,
                    0.00011591700604185462,
                    0.00011749999248422682,
                    0.00011424999684095383,
                    0.00011824999819509685,
                    0.0001164170098491013,
                    0.00011399999493733048,
                    0.00011300001642666757,
                    0.00011741701746359468,
                    0.00011408299906179309,
                    0.00011345799430273473,
                    0.00011550000635907054,
                    0.00012195800081826746,
                    0.00011299998732283711,
                    0.00011691698455251753,
                    0.00011520800762809813,
                    0.00011575000826269388,
                    0.00011470800382085145,
                    0.0001167499867733568,
                    0.00011487500160001218,
                    0.00011720799375325441,
                    0.00011662498582154512,
                    0.00011366698890924454,
                    0.00011320799239911139,
                    0.0001177079975605011,
                    0.00011462499969638884,
                    0.00011333299335092306,
                    0.00011424999684095383,
                    0.00012062498717568815,
                    0.00011650001397356391,
                    0.00011595801333896816,
                    0.00012091698590666056,
                    0.00011816600454039872
                ],
                "iterations": 1
            }
        },
        {
            "group": null,
            "name": "test_service_list_p95_under_80ms",
            "fullname": "03-development/tests/test_perf_benchmarks.py::test_service_list_p95_under_80ms",
            "params": null,
            "param": null,
            "extra_info": {},
            "options": {
                "disable_gc": true,
                "timer": "perf_counter",
                "min_rounds": 5,
                "max_time": 1.0,
                "min_time": 5e-06,
                "warmup": false
            },
            "stats": {
                "min": 0.000567209004657343,
                "max": 0.0011804590176325291,
                "mean": 0.0006786160330136197,
                "stddev": 8.862053021787433e-05,
                "rounds": 1174,
                "median": 0.0006602499925065786,
                "iqr": 9.00830200407654e-05,
                "q1": 0.0006183749937918037,
                "q3": 0.0007084580138325691,
                "iqr_outliers": 65,
                "stddev_outliers": 204,
                "outliers": "204;65",
                "ld15iqr": 0.000567209004657343,
                "hd15iqr": 0.0008438339864369482,
                "ops": 1473.5873474123034,
                "total": 0.7966952227579895,
                "data": [
                    0.0007686669996473938,
                    0.0007151250028982759,
                    0.0006751249893568456,
                    0.0006665829860139638,
                    0.0007369579980149865,
                    0.0006888750067446381,
                    0.000650415982818231,
                    0.0006352500058710575,
                    0.0009263330139219761,
                    0.000871292024385184,
                    0.0007400419854093343,
                    0.0006917499995324761,
                    0.000677250005537644,
                    0.0006574589933734387,
                    0.0006375410011969507,
                    0.0006440000142902136,
                    0.0006407909968402237,
                    0.0006331670156214386,
                    0.0006429579807445407,
                    0.000640665995888412,
                    0.0006437500123865902,
                    0.0006590830162167549,
                    0.000661625002976507,
                    0.0006402079889085144,
                    0.0006004580063745379,
                    0.0006036660051904619,
                    0.0006190830026753247,
                    0.0006120420002844185,
                    0.000600500003201887,
                    0.0005976669781375676,
                    0.000610999995842576,
                    0.0006032079982105643,
                    0.0006046670023351908,
                    0.0006189999985508621,
                    0.0006083750049583614,
                    0.0006017079867888242,
                    0.0006014170066919178,
                    0.0005929999751970172,
                    0.0006079580052755773,
                    0.0006132499838713557,
                    0.0005974170053377748,
                    0.0006050409865565598,
                    0.0005946249875705689,
                    0.0006019999855197966,
                    0.0006047080096323043,
                    0.0005940829869359732,
                    0.0006139169854577631,
                    0.0006375839875545353,
                    0.0006111660040915012,
                    0.0006111660040915012,
                    0.0006139579927548766,
                    0.0005999589920975268,
                    0.0005923339922446758,
                    0.000593625009059906,
                    0.0005920839903410524,
                    0.0006651669973507524,
                    0.0011412920139264315,
                    0.000919374986551702,
                    0.0008712090202607214,
                    0.0007795419951435179,
                    0.0007101249939296395,
                    0.000769124977523461,
                    0.0007693329825997353,
                    0.0007545829867012799,
                    0.0007891670102253556,
                    0.0007784579938743263,
                    0.0007787499926052988,
                    0.0007776670099701732,
                    0.0007610000029671937,
                    0.000800583977252245,
                    0.0008073329809121788,
                    0.000761583010898903,
                    0.0007298330019693822,
                    0.0007389579841401428,
                    0.0007002089987508953,
                    0.0007209170144051313,
                    0.0006574580038432032,
                    0.000707999977748841,
                    0.0007484589878004044,
                    0.00076224998338148,
                    0.0007032499997876585,
                    0.0006625000096391886,
                    0.0007034170266706496,
                    0.0007177079969551414,
                    0.0007355419802479446,
                    0.0007433329883497208,
                    0.0007476249884348363,
                    0.000731833977624774,
                    0.0007490830030292273,
                    0.0007453750004060566,
                    0.0007454169972334057,
                    0.0007242080173455179,
                    0.0006689589936286211,
                    0.0006582920032087713,
                    0.0006651250005234033,
                    0.0006697919743601233,
                    0.0006777500093448907,
                    0.00067908302298747,
                    0.0006526659999508411,
                    0.0006496249989140779,
                    0.0006714579940307885,
                    0.0006799580005463213,
                    0.0006547090015374124,
                    0.0006573749997187406,
                    0.0006731659814249724,
                    0.0007059579947963357,
                    0.0006844169984105974,
                    0.0006782500131521374,
                    0.0006403330189641565,
                    0.0006058329890947789,
                    0.0006275000050663948,
                    0.0006378340185619891,
                    0.0008065410074777901,
                    0.0007927080150693655,
                    0.0006364999862853438,
                    0.0006003750022500753,
                    0.0006020419823471457,
                    0.0005908749881200492,
                    0.0005876249924767762,
                    0.0005985419848002493,
                    0.0005842079990543425,
                    0.0006000839930493385,
                    0.0005979590059723705,
                    0.0005906660226173699,
                    0.0005914590146858245,
                    0.0005804579996038228,
                    0.0005780410137958825,
                    0.000578042003326118,
                    0.0006719170196447521,
                    0.000993624998955056,
                    0.0007733749807812274,
                    0.000756499997805804,
                    0.0007428750104736537,
                    0.0007125839765649289,
                    0.0006756249931640923,
                    0.0006679169891867787,
                    0.0006767500017303973,
                    0.0006714159972034395,
                    0.0006734589987900108,
                    0.0006842500006314367,
                    0.0006963330088183284,
                    0.0009081670141313225,
                    0.0007934589812066406,
                    0.0007129999867174774,
                    0.0007000830082688481,
                    0.0006930000090505928,
                    0.0006649590213783085,
                    0.0006457919953390956,
                    0.0006484169862233102,
                    0.0006425000028684735,
                    0.0006740420067217201,
                    0.00068224998540245,
                    0.0006901249871589243,
                    0.0007186659786384553,
                    0.0006899170111864805,
                    0.00068450000253506,
                    0.000715957983629778,
                    0.000693832989782095,
                    0.000701082986779511,
                    0.0007036250026430935,
                    0.0007321670127566904,
                    0.0006547499797306955,
                    0.0006254159961827099,
                    0.0006202500080689788,
                    0.0006302910041995347,
                    0.0006169159896671772,
                    0.0006216249894350767,
                    0.000614999997196719,
                    0.0006166669772937894,
                    0.0006705409905407578,
                    0.0006597500178031623,
                    0.0006640000210609287,
                    0.000700709002558142,
                    0.0006898340070620179,
                    0.0006815829838160425,
                    0.0006921250023879111,
                    0.0006936669815331697,
                    0.0006216249894350767,
                    0.0006210000137798488,
                    0.0006314170022960752,
                    0.0006285829877015203,
                    0.0006228339916560799,
                    0.0006304999988060445,
                    0.0006179169868119061,
                    0.0006209999846760184,
                    0.0006287920114118606,
                    0.0006189999985508621,
                    0.000625082990154624,
                    0.0006207500118762255,
                    0.0006248340068850666,
                    0.0006699170044157654,
                    0.0006904590118210763,
                    0.0006988339882809669,
                    0.000615333003224805,
                    0.0006212079897522926,
                    0.00062112498562783,
                    0.0006123339990153909,
                    0.000615334021858871,
                    0.0006176250171847641,
                    0.0006183749937918037,
                    0.0006230830040294677,
                    0.0006191669963300228,
                    0.0008242079929914325,
                    0.0008598330023232847,
                    0.0007777499849908054,
                    0.0006915419944562018,
                    0.0006480409938376397,
                    0.000627249974058941,
                    0.0006244580144993961,
                    0.0006355420046020299,
                    0.0006166670063976198,
                    0.0006181670178193599,
                    0.0006161670025903732,
                    0.0006324579881038517,
                    0.0006620830099564046,
                    0.0006335420184768736,
                    0.0006521250179503113,
                    0.0006692909810226411,
                    0.0006599999906029552,
                    0.000677625008393079,
                    0.0006618750048801303,
                    0.0006394999800249934,
                    0.000610999995842576,
                    0.0006110829999670386,
                    0.0006523749907501042,
                    0.0006778749811928719,
                    0.000680500001180917,
                    0.0006832910003140569,
                    0.0006824170122854412,
                    0.0006752500194124877,
                    0.0006747500156052411,
                    0.00066637501004152,
                    0.0007297919946722686,
                    0.0007187500013969839,
                    0.0007170840108301491,
                    0.000720667012501508,
                    0.0006790000188630074,
                    0.0006316250073723495,
                    0.0006260419904720038,
                    0.0006479999865405262,
                    0.0006451249937526882,
                    0.0006528329977300018,
                    0.0006543750059790909,
                    0.0006328750168904662,
                    0.0006749590102117509,
                    0.0006890830118209124,
                    0.0006967500085011125,
                    0.0007106249977368861,
                    0.0007205000147223473,
                    0.0007039580086711794,
                    0.0007030410051811486,
                    0.0007372079999186099,
                    0.000723167002433911,
                    0.0007000420009717345,
                    0.0007026669918559492,
                    0.0007578750082757324,
                    0.0007542080129496753,
                    0.0007089159917086363,
                    0.0007131249876692891,
                    0.000765499979024753,
                    0.0007566669955849648,
                    0.0007595419883728027,
                    0.0007378330046776682,
                    0.0006931670068297535,
                    0.0007688750047236681,
                    0.0009100419993046671,
                    0.000684124999679625,
                    0.000629832997219637,
                    0.0006070839881431311,
                    0.0006038330029696226,
                    0.000599791994318366,
                    0.0005956660024821758,
                    0.00059104198589921,
                    0.0005982500151731074,
                    0.0005962079740129411,
                    0.0005900830146856606,
                    0.0005937919777352363,
                    0.0006075410055927932,
                    0.0006000830035191029,
                    0.0005962919967714697,
                    0.0005901670083403587,
                    0.0005779589992016554,
                    0.0005747500108554959,
                    0.0005880000244360417,
                    0.0005914170178584754,
                    0.00059254199732095,
                    0.0005900420073885471,
                    0.0005942090065218508,
                    0.0005955829983577132,
                    0.0005988340126350522,
                    0.0005921660049352795,
                    0.0005913330242037773,
                    0.0005890409811399877,
                    0.0005964169977232814,
                    0.0005865839775651693,
                    0.0005883749981876463,
                    0.0005863329861313105,
                    0.0006092920084483922,
                    0.0005899159878026694,
                    0.0005872089823242277,
                    0.0005921660049352795,
                    0.0005914999928791076,
                    0.000600125000346452,
                    0.0006070410017855465,
                    0.0005971659848000854,
                    0.0005884169950149953,
                    0.0005966250027995557,
                    0.0005903749843128026,
                    0.0006030410004314035,
                    0.0006257500208448619,
                    0.0006256670167203993,
                    0.0006010420038364828,
                    0.0005878749943803996,
                    0.0005884580023121089,
                    0.0005955839878879488,
                    0.0005942499847151339,
                    0.0006011670047882944,
                    0.0005958750261925161,
                    0.0005969589983578771,
                    0.0005935419758316129,
                    0.0005992910009808838,
                    0.0005967500037513673,
                    0.0005933339998591691,
                    0.0006052910175640136,
                    0.000614249991485849,
                    0.0006155419978313148,
                    0.0006123750063125044,
                    0.0006201670039445162,
                    0.0006206660182215273,
                    0.0006201670039445162,
                    0.0006255409971345216,
                    0.0006250000151339918,
                    0.0006355000077746809,
                    0.0006177499890327454,
                    0.0005925839941482991,
                    0.0005928330065216869,
                    0.0005931250052526593,
                    0.0005982079892419279,
                    0.0006019579886924475,
                    0.000599374994635582,
                    0.0006039589934516698,
                    0.000592875003349036,
                    0.0005987920158077031,
                    0.0005881250253878534,
                    0.000578750012209639,
                    0.0005863340047653764,
                    0.0006108329980634153,
                    0.0006112919945735484,
                    0.0005962499999441206,
                    0.000600875006057322,
                    0.0005984999879729003,
                    0.0005992499936837703,
                    0.0006380419945344329,
                    0.0006179580232128501,
                    0.0006275420018937439,
                    0.0006306669965852052,
                    0.0006137919845059514,
                    0.0005963750008959323,
                    0.0005959170230198652,
                    0.000598708022153005,
                    0.0005904579884372652,
                    0.0005994999955873936,
                    0.000614584016148001,
                    0.000594000011915341,
                    0.0005913749919272959,
                    0.0005909999890718609,
                    0.0006129170069471002,
                    0.0006166250095702708,
                    0.0006034169928170741,
                    0.0006248750141821802,
                    0.0006368340109474957,
                    0.000629791000392288,
                    0.0006111250258982182,
                    0.0006070829986128956,
                    0.0006114580028224736,
                    0.0006055420089978725,
                    0.0006091250106692314,
                    0.0006015409890096635,
                    0.0005895830108784139,
                    0.000599458027863875,
                    0.0009925000194925815,
                    0.0007987499993760139,
                    0.0007065419922582805,
                    0.0006877919950056821,
                    0.0006899999862071127,
                    0.0006614169979002327,
                    0.0006565829971805215,
                    0.0006648749986197799,
                    0.0006496249989140779,
                    0.000631957984296605,
                    0.0006390830094460398,
                    0.0006634999881498516,
                    0.0006751669861841947,
                    0.0009887090127449483,
                    0.0009623749938327819,
                    0.0007714590174145997,
                    0.0007359999872278422,
                    0.000685874983901158,
                    0.0006755420181434602,
                    0.0006875830003991723,
                    0.0006857079861219972,
                    0.0007146669959183782,
                    0.0007035830058157444,
                    0.000744916993426159,
                    0.000725042016711086,
                    0.0007104169926606119,
                    0.0007057499897200614,
                    0.0007290409994311631,
                    0.0006857499829493463,
                    0.0006717079959344119,
                    0.0006720829987898469,
                    0.000691374996677041,
                    0.0006556669832207263,
                    0.0006593340076506138,
                    0.000650417001452297,
                    0.0006533749983645976,
                    0.0006642079970333725,
                    0.0006515830173157156,
                    0.0006369579932652414,
                    0.0006397499819286168,
                    0.0008702499908395112,
                    0.0007261669961735606,
                    0.0006838749977760017,
                    0.0006494169938378036,
                    0.0006537080043926835,
                    0.0006525409989990294,
                    0.0006379160040523857,
                    0.0006648330017924309,
                    0.0006615839956793934,
                    0.0006437920092139393,
                    0.000639208999928087,
                    0.0006487919890787452,
                    0.0006489999941550195,
                    0.0006600829947274178,
                    0.0006622499786317348,
                    0.000655165989883244,
                    0.0006695410120300949,
                    0.0006512919790111482,
                    0.0006484169862233102,
                    0.0006452079978771508,
                    0.0006580000044777989,
                    0.0006498750008177012,
                    0.0006560829933732748,
                    0.0008989170019049197,
                    0.0007794589910190552,
                    0.000666666979668662,
                    0.0006350839976221323,
                    0.0006190419953782111,
                    0.0006122080085333437,
                    0.0006006250041536987,
                    0.0006014159880578518,
                    0.0006029579963069409,
                    0.0006169590051285923,
                    0.0006625830137636513,
                    0.000659125013044104,
                    0.0006788749888073653,
                    0.0006959170277696103,
                    0.0007200839754659683,
                    0.0010356669954489917,
                    0.0007880000048317015,
                    0.0007049999840091914,
                    0.0007161670073401183,
                    0.0006886670016683638,
                    0.0007114999752957374,
                    0.0007659169787075371,
                    0.000723915989510715,
                    0.0006981249898672104,
                    0.0007080830109771341,
                    0.0007034580048639327,
                    0.0006669590075034648,
                    0.0006798749964218587,
                    0.0007200830150395632,
                    0.0007411659753415734,
                    0.0007597919902764261,
                    0.0009344579884782434,
                    0.0007667500176467001,
                    0.0006767500017303973,
                    0.0006375420198310167,
                    0.0006286670104600489,
                    0.000635582982795313,
                    0.0006360420084092766,
                    0.0006505000055767596,
                    0.0006749159947503358,
                    0.0006627909897360951,
                    0.0006975840078666806,
                    0.0006960419996175915,
                    0.0006567499949596822,
                    0.0006126670050434768,
                    0.0006452079978771508,
                    0.0006673339812550694,
                    0.0006704579864162952,
                    0.000675416988087818,
                    0.0006467079801950604,
                    0.0007101250230334699,
                    0.0007257499964907765,
                    0.0007070420251693577,
                    0.0006434580136556178,
                    0.0006608750263694674,
                    0.0006478749855887145,
                    0.0006492499960586429,
                    0.0006690420268569142,
                    0.0006645839894190431,
                    0.0006367909954860806,
                    0.0006430000066757202,
                    0.0011804590176325291,
                    0.0009233330201823264,
                    0.0008438339864369482,
                    0.0007813749834895134,
                    0.0007962500094436109,
                    0.0010923749941866845,
                    0.000807917007477954,
                    0.0007049579871818423,
                    0.000673625007038936,
                    0.0006920839950907975,
                    0.0006478340073954314,
                    0.0006238339992705733,
                    0.0008990420028567314,
                    0.0007744580216240138,
                    0.0007053750159684569,
                    0.0007221249979920685,
                    0.00070616599987261,
                    0.0007124590047169477,
                    0.0007174999918788671,
                    0.0007909580017440021,
                    0.0006317500083241612,
                    0.0006320420070551336,
                    0.000603374995989725,
                    0.0006050409865565598,
                    0.0006069169903639704,
                    0.0005937500100117177,
                    0.00064354098867625,
                    0.0010833339765667915,
                    0.0007866249943617731,
                    0.000745291996281594,
                    0.0007504169770982116,
                    0.0008415420015808195,
                    0.0009089589875657111,
                    0.0007097499910742044,
                    0.0006522919866256416,
                    0.0006148749962449074,
                    0.0006120829784777015,
                    0.0006239580106921494,
                    0.0006160829798318446,
                    0.0006233750027604401,
                    0.0008397909987252206,
                    0.0009244999964721501,
                    0.0007482079963665456,
                    0.0007507499831262976,
                    0.0007264580053742975,
                    0.0007028330001048744,
                    0.000719208997907117,
                    0.0007559590158052742,
                    0.0007329579966608435,
                    0.0007253749936353415,
                    0.0007079170027282089,
                    0.0007026249950286001,
                    0.0007234579825308174,
                    0.0007037910108920187,
                    0.0006851670041214675,
                    0.0007998330111149698,
                    0.0009568330133333802,
                    0.0007423330098390579,
                    0.0007394580170512199,
                    0.000676124996971339,
                    0.000589250004850328,
                    0.0005882910045329481,
                    0.000594666984397918,
                    0.000588916998822242,
                    0.0006065420166123658,
                    0.0006177090108394623,
                    0.0006260839872993529,
                    0.0006202079821377993,
                    0.000639959005638957,
                    0.0005829580186400563,
                    0.0005725840164814144,
                    0.000567209004657343,
                    0.0005795419856440276,
                    0.0006002919981256127,
                    0.0005956670211162418,
                    0.0005951670173089951,
                    0.0006103750201873481,
                    0.0006121670012362301,
                    0.0006025829934515059,
                    0.0006004169990774244,
                    0.0006053329852875322,
                    0.0006053330143913627,
                    0.0005943749856669456,
                    0.0005950829945504665,
                    0.0005940420087426901,
                    0.0005931250052526593,
                    0.000596500001847744,
                    0.0006042500026524067,
                    0.000591125019127503,
                    0.0005924169963691384,
                    0.0005952079955022782,
                    0.0005928749742452055,
                    0.0005927500023972243,
                    0.0006017079867888242,
                    0.0005970000056549907,
                    0.0005972909857518971,
                    0.0005957910034339875,
                    0.0005811250011902303,
                    0.0005775839963462204,
                    0.0005753329896833748,
                    0.0005794169846922159,
                    0.000591416988754645,
                    0.0005782080115750432,
                    0.0005807909765280783,
                    0.0006128750101197511,
                    0.0005941669805906713,
                    0.000594333017943427,
                    0.0005933750071562827,
                    0.0005939579859841615,
                    0.0005918329989071935,
                    0.0005836249911226332,
                    0.0005762499931734055,
                    0.0005804579996038228,
                    0.0005897500086575747,
                    0.0005931249761488289,
                    0.0005918749957345426,
                    0.0005798749916721135,
                    0.0005882080004084855,
                    0.0005850419984199107,
                    0.0005792499869130552,
                    0.000578417006181553,
                    0.0005822920065838844,
                    0.0006060829909984022,
                    0.0005800839862786233,
                    0.0005844160041306168,
                    0.0005947919853497297,
                    0.0005789169808849692,
                    0.00058058399008587,
                    0.000584583991440013,
                    0.0005970830097794533,
                    0.0005764999950770289,
                    0.000578750012209639,
                    0.0005880000244360417,
                    0.0006355000077746809,
                    0.0005975000094622374,
                    0.0005779159837402403,
                    0.0005748750118073076,
                    0.000578792009036988,
                    0.0008166669867932796,
                    0.0009020830038934946,
                    0.0007824999920558184,
                    0.0007124999829102308,
                    0.0006682910025119781,
                    0.000662375008687377,
                    0.000663458980852738,
                    0.0006805830053053796,
                    0.0006644590175710618,
                    0.0006714590126648545,
                    0.0006628750124946237,
                    0.0006647499976679683,
                    0.0006832920189481229,
                    0.000664916995447129,
                    0.0006491669919341803,
                    0.0006489160005003214,
                    0.0006404579908121377,
                    0.0006494589906651527,
                    0.0006480830197688192,
                    0.0006469999789260328,
                    0.0006915839912835509,
                    0.0006828329933341593,
                    0.0006797090172767639,
                    0.0006845839961897582,
                    0.0006794589862693101,
                    0.0006655839970335364,
                    0.0006637089827563614,
                    0.0006483749893959612,
                    0.0006341669941321015,
                    0.0006359999824780971,
                    0.0006529169913846999,
                    0.0006486249912995845,
                    0.000647209002636373,
                    0.0006423750019166619,
                    0.0006640419887844473,
                    0.000651165988529101,
                    0.0006531669932883233,
                    0.0006575420266017318,
                    0.0006604169902857393,
                    0.0006476250127889216,
                    0.0006484159966930747,
                    0.0006435000104829669,
                    0.0006363330176100135,
                    0.0006347080052364618,
                    0.0006292920152191073,
                    0.0006287910218816251,
                    0.0006267919961828738,
                    0.0006215420144144446,
                    0.0006215000175870955,
                    0.0006267080025281757,
                    0.000646417000098154,
                    0.0006696670025121421,
                    0.0006476250127889216,
                    0.0006565420189872384,
                    0.0006540000031236559,
                    0.0008025830029509962,
                    0.0007581660174764693,
                    0.0006433340022340417,
                    0.0006258749926928431,
                    0.0005962919967714697,
                    0.0005910409963689744,
                    0.0005839170189574361,
                    0.0005838749930262566,
                    0.0006194579764269292,
                    0.0006104590138420463,
                    0.0006274170009419322,
                    0.0006222499941941351,
                    0.0005988749908283353,
                    0.0006220829964149743,
                    0.0006318340019788593,
                    0.0006189999985508621,
                    0.0009395410015713423,
                    0.0008363330271095037,
                    0.0007417500019073486,
                    0.0006995830044616014,
                    0.0006751659966539592,
                    0.0006759999960195273,
                    0.0009509589872322977,
                    0.0007686669996473938,
                    0.000672499998472631,
                    0.0006161669734865427,
                    0.0006190830026753247,
                    0.0006307910080067813,
                    0.000625832995865494,
                    0.0006414999952539802,
                    0.0009656660258769989,
                    0.0007900829950813204,
                    0.0007303329766727984,
                    0.000996791000943631,
                    0.0008792500011622906,
                    0.0006977920129429549,
                    0.0006911660020705312,
                    0.0006905419868417084,
                    0.000684833008563146,
                    0.000692458008415997,
                    0.0009062079770956188,
                    0.0007357920112553984,
                    0.0007084580138325691,
                    0.0009829579794313759,
                    0.0007623329875059426,
                    0.0007139999943319708,
                    0.000686999992467463,
                    0.0007096249901223928,
                    0.0007285829924512655,
                    0.0007157920044846833,
                    0.0006899590080138296,
                    0.0006890420045237988,
                    0.000903125008335337,
                    0.000760875002015382,
                    0.0006875410035718232,
                    0.0006730839959345758,
                    0.0006608339899685234,
                    0.0006235829787328839,
                    0.0006312500045169145,
                    0.0007027089886832982,
                    0.0007173750200308859,
                    0.000694209011271596,
                    0.0007162080146372318,
                    0.0007263339939527214,
                    0.0006866670155432075,
                    0.0007054160232655704,
                    0.0007014160219114274,
                    0.0006697920034639537,
                    0.0006494999979622662,
                    0.0006737499788869172,
                    0.000718833995051682,
                    0.0010257079848088324,
                    0.000764124997658655,
                    0.0006960000027902424,
                    0.0006588340038433671,
                    0.0006599170155823231,
                    0.0006564579962287098,
                    0.0006342919950839132,
                    0.0006204999808687717,
                    0.0006480840092990547,
                    0.0006491250242106616,
                    0.0008867500000633299,
                    0.0007113749743439257,
                    0.0006272500031627715,
                    0.0006087499787099659,
                    0.000590000010561198,
                    0.0005795830220449716,
                    0.000578708975808695,
                    0.0005804160027764738,
                    0.0005745420057792217,
                    0.0005832500173710287,
                    0.0005783750093542039,
                    0.0005697080050595105,
                    0.0005751669814344496,
                    0.0005702910129912198,
                    0.0005712500133085996,
                    0.0005684589850716293,
                    0.0005787090049125254,
                    0.0005741250060964376,
                    0.0005698750028386712,
                    0.0005783749802503735,
                    0.0006104159983806312,
                    0.0009565420041326433,
                    0.0008635830017738044,
                    0.0007305000035557896,
                    0.0006865829927846789,
                    0.0006655000033788383,
                    0.0006554170104209334,
                    0.0006505420024041086,
                    0.000648665998596698,
                    0.0006731670000590384,
                    0.0006709580193273723,
                    0.0006541250040754676,
                    0.000661625002976507,
                    0.0006572079728357494,
                    0.0008492910128552467,
                    0.0008414580079261214,
                    0.000774584012106061,
                    0.0007801659812685102,
                    0.0007649999752175063,
                    0.0007683339936193079,
                    0.0007638340175617486,
                    0.0007737920095678419,
                    0.0007261249993462116,
                    0.0006907499919179827,
                    0.0007660829869564623,
                    0.0010592920007184148,
                    0.0008310000121127814,
                    0.0007573750044684857,
                    0.0007442079950124025,
                    0.0007514999888371676,
                    0.0007263750012498349,
                    0.0007335419941227883,
                    0.0007432090060319752,
                    0.0006814170046709478,
                    0.0006770410109311342,
                    0.0006855829851701856,
                    0.0006911669916007668,
                    0.0006867920164950192,
                    0.000707291008438915,
                    0.0007148330041673034,
                    0.0007129590085241944,
                    0.0006912909739185125,
                    0.0006541670009028167,
                    0.0006549999816343188,
                    0.0006566249940078706,
                    0.0006413329974748194,
                    0.0006425829778891057,
                    0.0006442080193664879,
                    0.000632041017524898,
                    0.00064970797393471,
                    0.000633417017525062,
                    0.0006308750016614795,
                    0.0006587079842574894,
                    0.0006561249902006239,
                    0.000651542010018602,
                    0.0006487499922513962,
                    0.0006463339959736913,
                    0.0006587499810848385,
                    0.0006674999895039946,
                    0.0006811250059399754,
                    0.0006573749997187406,
                    0.0006606249953620136,
                    0.0008486250007990748,
                    0.0007432079873979092,
                    0.0006121250044088811,
                    0.0005965830059722066,
                    0.0005933330103289336,
                    0.0005938749818596989,
                    0.0005757080216426402,
                    0.0005896249786019325,
                    0.000602624990278855,
                    0.0006009580101817846,
                    0.0005976670072413981,
                    0.000587041984545067,
                    0.0005810000002384186,
                    0.0005825000116601586,
                    0.0005818330100737512,
                    0.0005804999964311719,
                    0.0006911669916007668,
                    0.0010987909918185323,
                    0.0007610419997945428,
                    0.0006954580021556467,
                    0.000688083004206419,
                    0.0006572920246981084,
                    0.0006566249940078706,
                    0.0006777920061722398,
                    0.00064825001754798,
                    0.0006205000099726021,
                    0.0006394999800249934,
                    0.0006540000031236559,
                    0.000639207981294021,
                    0.0006494589906651527,
                    0.0006994590221438557,
                    0.0006615830061491579,
                    0.0010798749863170087,
                    0.0008446250285487622,
                    0.0007413330022245646,
                    0.0007060830248519778,
                    0.0007059169874992222,
                    0.0007006250089034438,
                    0.0006522090116050094,
                    0.0006408750195987523,
                    0.0006405000167433172,
                    0.000670375011395663,
                    0.0006820829876232892,
                    0.0006856659892946482,
                    0.0006982919876463711,
                    0.0007533330062869936,
                    0.0010788750078063458,
                    0.0008912920020520687,
                    0.0007700409914832562,
                    0.0008418330107815564,
                    0.0007423330098390579,
                    0.0007197079830802977,
                    0.000651167007163167,
                    0.0006326250149868429,
                    0.0006267079734243453,
                    0.0006262089882511646,
                    0.0006315830105450004,
                    0.0006256670167203993,
                    0.000622209016000852,
                    0.0007676670211367309,
                    0.0009265409898944199,
                    0.0007214169891085476,
                    0.0006680839869659394,
                    0.0006394579831976444,
                    0.000641042017377913,
                    0.0006691669987048954,
                    0.0006997919990681112,
                    0.0009965829958673567,
                    0.0007527080015279353,
                    0.0006884589965920895,
                    0.0006744590064045042,
                    0.0006800830014981329,
                    0.0006622500077355653,
                    0.0006639159983024001,
                    0.0006552079867105931,
                    0.0006565829971805215,
                    0.0006508329825010151,
                    0.0006465000042226166,
                    0.0006351249758154154,
                    0.0006482090102508664,
                    0.0006782920099794865,
                    0.0006610419950447977,
                    0.0006429160130210221,
                    0.000651542010018602,
                    0.0006648750277236104,
                    0.0006872910016681999,
                    0.0006897079874761403,
                    0.0007027919928077608,
                    0.0009714580082800239,
                    0.0008605410112068057,
                    0.0007554579933639616,
                    0.0006834589876234531,
                    0.0006610410055145621,
                    0.0006591659912373871,
                    0.0006615000020246953,
                    0.0006634590099565685,
                    0.0006571660051122308,
                    0.0006522499897982925,
                    0.0006484169862233102,
                    0.0006362920103129,
                    0.0006511250103358179,
                    0.0006582909845747054,
                    0.000664916995447129,
                    0.0006791659980081022,
                    0.0006773339991923422,
                    0.000760875002015382,
                    0.0009843339794315398,
                    0.0008380420040339231,
                    0.0007799169979989529,
                    0.0007458750042133033,
                    0.0007478340121451765,
                    0.0007498339982703328,
                    0.0007397079898510128,
                    0.000734750006813556,
                    0.0007024579972494394,
                    0.0007106249977368861,
                    0.0007258749974425882,
                    0.0007306670013349503,
                    0.0007404590141959488,
                    0.0007564169936813414,
                    0.0007525410037487745,
                    0.0007591670146211982,
                    0.0007281660218723118,
                    0.0007522499945480376,
                    0.0007305830076802522,
                    0.0006962080078665167,
                    0.000718458992196247,
                    0.0007303750026039779,
                    0.0007261249993462116,
                    0.0007886250095907599,
                    0.0008032080077100545,
                    0.0007917500042822212,
                    0.0009844169835560024,
                    0.0008392500167246908,
                    0.000781834009103477,
                    0.0007418750028591603,
                    0.0007046249811537564,
                    0.0007045829843264073,
                    0.0006590830162167549,
                    0.0006657920021098107,
                    0.0006685830012429506,
                    0.0006663330132141709,
                    0.0006584999791812152,
                    0.0006594579899683595,
                    0.0006892500096000731,
                    0.000647917011519894,
                    0.0006271659804042429,
                    0.0006213329907041043,
                    0.0006086250068619847,
                    0.0006192500004544854,
                    0.0006235830078367144,
                    0.0006578330066986382,
                    0.0006572500278707594,
                    0.0006444579921662807,
                    0.0006430000066757202,
                    0.000637416000245139,
                    0.0006599999906029552,
                    0.0006609999982174486,
                    0.0006371250201482326,
                    0.0006359160179272294,
                    0.000659500015899539,
                    0.000669250002829358,
                    0.0006702920072712004,
                    0.0006792499916628003,
                    0.00067254199529998,
                    0.0006763749988749623,
                    0.0006825409946031868,
                    0.0006431249785237014,
                    0.0006402090075425804,
                    0.0006228339916560799,
                    0.0006299160013440996,
                    0.0006255839834921062,
                    0.0006222910014912486,
                    0.0006075830024201423,
                    0.0006054579862393439,
                    0.0006140000186860561,
                    0.0006086250068619847,
                    0.0006412079965230078,
                    0.0006359169783536345,
                    0.0006257499917410314,
                    0.0006318750092759728,
                    0.0006275410123635083,
                    0.0006125420040916651,
                    0.0006177500181365758,
                    0.0006135840085335076,
                    0.0006338749954011291,
                    0.0006293329934123904,
                    0.0006231660081539303,
                    0.0006137920136097819,
                    0.000636290991678834,
                    0.0006315410137176514,
                    0.000639208999928087,
                    0.0007504170062020421,
                    0.0010885829979088157,
                    0.0009147090022452176,
                    0.0008616250124759972,
                    0.0009691249870229512,
                    0.0009300420060753822,
                    0.0007899999909568578,
                    0.000731500011170283,
                    0.0007007500098552555,
                    0.0006947499932721257,
                    0.0006779999821446836,
                    0.000682666985085234,
                    0.0006931670068297535,
                    0.000726833997759968,
                    0.0007015830196905881,
                    0.0006855000101495534,
                    0.000684459024341777,
                    0.000716667011147365,
                    0.0007136659987736493,
                    0.0006817910179961473,
                    0.0006625420064665377,
                    0.0006972499832045287,
                    0.000717040995368734,
                    0.0006784169818274677,
                    0.0006687499990221113,
                    0.0006846670003142208,
                    0.0006834169907961041,
                    0.0006817500106990337,
                    0.0007006250089034438,
                    0.0007019999902695417,
                    0.000702207995345816,
                    0.0006779160175938159,
                    0.0006634159944951534,
                    0.0006632499862462282,
                    0.0006527089863084257,
                    0.0006183749937918037,
                    0.0006137499876786023,
                    0.0006102919869590551,
                    0.0006009579810779542,
                    0.0006100000173319131,
                    0.0006337919912766665,
                    0.0006249170110095292,
                    0.0006190829735714942,
                    0.0010596670035738498,
                    0.0007945830002427101,
                    0.0006910419906489551,
                    0.0006356249796226621,
                    0.0010602909896988422,
                    0.0008670419920235872,
                    0.0007890410197433084,
                    0.0007682089926674962,
                    0.000752166990423575,
                    0.0007196670048870146,
                    0.0006787089805584401,
                    0.000688458007061854,
                    0.0007649170001968741,
                    0.0009923330217134207,
                    0.0008190410153474659,
                    0.0007745409966446459,
                    0.0007437500171363354,
                    0.00074562500230968,
                    0.0007151250028982759,
                    0.0007046249811537564,
                    0.0006987079977989197,
                    0.0007041250064503402,
                    0.000701832992490381,
                    0.0006972920091357082,
                    0.0007052500150166452,
                    0.0006932910182513297,
                    0.0007354170083999634,
                    0.0007430420082528144,
                    0.0007016659947112203,
                    0.0007112919993232936,
                    0.0007163749833125621,
                    0.0006987089873291552,
                    0.0006943749904166907,
                    0.0006942919862922281,
                    0.000719208997907117,
                    0.0006935420096851885,
                    0.0007207920134533197,
                    0.0007336669950746,
                    0.0008814999891910702,
                    0.0009533330157864839,
                    0.0007739580178167671,
                    0.0007335830014199018,
                    0.0006989999965298921,
                    0.0006949579983484,
                    0.0006782080163247883,
                    0.0006552920094691217,
                    0.0006495840207207948,
                    0.0006424160092137754,
                    0.0006425419996958226,
                    0.000644665997242555,
                    0.0006577909807674587,
                    0.0007022089848760515,
                    0.0008682500047143549,
                    0.0008741669880691916,
                    0.0007341250020544976,
                    0.0006927089998498559,
                    0.0006822909926995635,
                    0.0007124159892555326,
                    0.0007189589960034937,
                    0.0007069169951137155,
                    0.0006867079937364906,
                    0.0006682910025119781,
                    0.0006842080038040876,
                    0.0006716659991070628,
                    0.000680500001180917,
                    0.0007142499962355942,
                    0.0007575000054202974,
                    0.0008154590032063425,
                    0.0007457080064341426,
                    0.0007179579988587648,
                    0.0007064589881338179,
                    0.0006766669976059347,
                    0.0006949160015210509,
                    0.0007020829943940043,
                    0.0007182499975897372,
                    0.0007187500013969839,
                    0.0007021669880487025,
                    0.0007223749998956919,
                    0.0007248340116348118
                ],
                "iterations": 1
            }
        }
    ],
    "datetime": "2026-09-02T00:47:02.742120",
    "version": "4.0.0"
}
