# Harness-executed: pytest-benchmark
# returncode: 0
# agent_score: 100.0 | threshold: 75.0

ssssssssssssssssssssssssssssssssssssssssssssssssssssssssssssssssssssssss [ 29%]
ssssssssssssssssssssssssssssssssssssssssssssssssssssssssssssssssssssssss [ 59%]
ssssssssssssssssssssssssssssssssssssssssssssssssssssssssssssssssssssssss [ 89%]
ssssssssssssssssssssssss..                                               [100%]
=============================== warnings summary ===============================
.venv/lib/python3.11/site-packages/starlette/formparsers.py:12
  /Users/johnny/projects/taskq-redo/.venv/lib/python3.11/site-packages/starlette/formparsers.py:12: PendingDeprecationWarning: Please use `import python_multipart` instead.
    import multipart

-- Docs: https://docs.pytest.org/en/stable/how-to/capture-warnings.html

------------------------------- benchmark: 2 tests -------------------------------
Name (time in us)                             Mean                   Max          
----------------------------------------------------------------------------------
test_service_get_by_id_p95_under_30ms     115.9567 (1.0)        378.5830 (1.0)    
test_service_list_p95_under_80ms          694.9391 (5.99)     1,143.0420 (3.02)   
----------------------------------------------------------------------------------

Legend:
  Outliers: 1 Standard Deviation from Mean; 1.5 IQR (InterQuartile Range) from 1st Quartile and 3rd Quartile.
  OPS: Operations Per Second, computed as 1 / Mean
2 passed, 240 skipped, 1 warning in 3.38s

Wrote benchmark data in: <_io.BufferedWriter name='.sessi-work/benchmark_report.json'>
=== TOOL_OUTPUT_ARTIFACT ===
{
    "machine_info": {
        "node": "JohnnydeMac-Studio.local",
        "processor": "arm",
        "machine": "arm64",
        "python_compiler": "Clang 22.1.3 ",
        "python_implementation": "CPython",
        "python_implementation_version": "3.11.15",
        "python_version": "3.11.15",
        "python_build": [
            "main",
            "May 10 2026 19:23:07"
        ],
        "release": "25.6.0",
        "system": "Darwin",
        "cpu": {
            "python_version": "3.11.15.final.0 (64 bit)",
            "cpuinfo_version": [
                9,
                0,
                0
            ],
            "cpuinfo_version_string": "9.0.0",
            "arch": "ARM_8",
            "bits": 64,
            "count": 32,
            "arch_string_raw": "arm64",
            "brand_raw": "Apple M3 Ultra"
        }
    },
    "commit_info": {
        "id": "93d3623f314ad73567f55d4a226b881688e22411",
        "time": "2026-09-02T11:47:37+08:00",
        "author_time": "2026-09-02T11:47:37+08:00",
        "dirty": true,
        "project": "taskq-redo",
        "branch": "main"
    },
    "benchmarks": [
        {
            "group": null,
            "name": "test_service_get_by_id_p95_under_30ms",
            "fullname": "03-development/tests/test_perf_benchmarks.py::test_service_get_by_id_p95_under_30ms",
            "params": null,
            "param": null,
            "extra_info": {},
            "options": {
                "disable_gc": true,
                "timer": "perf_counter",
                "min_rounds": 5,
                "max_time": 1.0,
                "min_time": 5e-06,
                "warmup": false
            },
            "stats": {
                "min": 0.00010470798588357866,
                "max": 0.00037858300493098795,
                "mean": 0.00011595668956962997,
                "stddev": 1.3149646405676673e-05,
                "rounds": 2271,
                "median": 0.00011520800762809813,
                "iqr": 4.4589905883185565e-06,
                "q1": 0.00011299999459879473,
                "q3": 0.00011745898518711329,
                "iqr_outliers": 72,
                "stddev_outliers": 31,
                "outliers": "31;72",
                "ld15iqr": 0.00010633299825713038,
                "hd15iqr": 0.00012445799075067043,
                "ops": 8623.909527871761,
                "total": 0.26333764201262966,
                "data": [
                    0.00017458299407735467,
                    0.00013437500456348062,
                    0.0001255410024896264,
                    0.00012779200915247202,
                    0.0001233329821843654,
                    0.00011916601215489209,
                    0.00012458302080631256,
                    0.00012033400707878172,
                    0.0001187919988296926,
                    0.0001237079850398004,
                    0.00011950000771321356,
                    0.00011933399946428835,
                    0.0001221249985974282,
                    0.00011845899280160666,
                    0.00012075001723133028,
                    0.00012141600018367171,
                    0.00011783299851231277,
                    0.00012612499995157123,
                    0.00012295899796299636,
                    0.0001232920039910823,
                    0.00012166699161753058,
                    0.00011929200263693929,
                    0.00011679198360070586,
                    0.00011808398994617164,
                    0.00018375000217929482,
                    0.0002323330263607204,
                    0.00015908302157185972,
                    0.00013262502034194767,
                    0.00012158299796283245,
                    0.00012395900557748973,
                    0.00012095898273400962,
                    0.00011904200073331594,
                    0.00012112499098293483,
                    0.00011929200263693929,
                    0.0001197500096168369,
                    0.00012254199828021228,
                    0.0001187919988296926,
                    0.0001200829865410924,
                    0.00012241600779816508,
                    0.00011970900231972337,
                    0.00011987501056864858,
                    0.0001202919811476022,
                    0.00011745799565687776,
                    0.00012170898844487965,
                    0.00012133299605920911,
                    0.00011633298709057271,
                    0.00012141600018367171,
                    0.00011933399946428835,
                    0.00011541700223460793,
                    0.00011820800136774778,
                    0.00011987501056864858,
                    0.00011616598931141198,
                    0.00012066701310686767,
                    0.00012004200834780931,
                    0.00011654201080091298,
                    0.00011604197788983583,
                    0.00012041701120324433,
                    0.00011737502063624561,
                    0.0001152500044554472,
                    0.0001168329908978194,
                    0.0001188750029541552,
                    0.00011749999248422682,
                    0.00012029201025143266,
                    0.00011716701555997133,
                    0.00011562497820705175,
                    0.00011920899851247668,
                    0.000116915995022282,
                    0.0001155420031864196,
                    0.00011441600508987904,
                    0.0001168329908978194,
                    0.00012000001152046025,
                    0.00011745901429094374,
                    0.00011741698835976422,
                    0.00012045798939652741,
                    0.00011633298709057271,
                    0.00011520899715833366,
                    0.00011491600889712572,
                    0.00011758299660868943,
                    0.00011858399375341833,
                    0.00011629200889728963,
                    0.000122333993203938,
                    0.00011720799375325441,
                    0.00012174999574199319,
                    0.00011620900477282703,
                    0.00011608298518694937,
                    0.00011504199937917292,
                    0.00011987498146481812,
                    0.00011616598931141198,
                    0.00011545800953172147,
                    0.00011970798368565738,
                    0.00011595900286920369,
                    0.0001143749977927655,
                    0.00011712498962879181,
                    0.00011962497956119478,
                    0.00011504199937917292,
                    0.00011683398042805493,
                    0.00011929101310670376,
                    0.00011550000635907054,
                    0.00012504099868237972,
                    0.0001230830093845725,
                    0.00012166600208729506,
                    0.00012295797932893038,
                    0.00012029201025143266,
                    0.00011670801904983819,
                    0.00011345901293680072,
                    0.00011866597924381495,
                    0.00012208297266624868,
                    0.00011562500731088221,
                    0.00011374999303370714,
                    0.00011941700358875096,
                    0.00011516601080074906,
                    0.00011420800001360476,
                    0.00011666701175272465,
                    0.00011829199502244592,
                    0.0001158749801106751,
                    0.00011754198931157589,
                    0.00011854199692606926,
                    0.00011608298518694937,
                    0.00011358401388861239,
                    0.00011720802285708487,
                    0.00011608301429077983,
                    0.00011495800572447479,
                    0.00011824999819509685,
                    0.00011633301619440317,
                    0.00011366698890924454,
                    0.00011779199121519923,
                    0.00011462499969638884,
                    0.00011337501928210258,
                    0.00011766701936721802,
                    0.0001152500044554472,
                    0.00011441600508987904,
                    0.00011833402095362544,
                    0.00011595801333896816,
                    0.00011412499588914216,
                    0.00011962500866502523,
                    0.00011537500540725887,
                    0.00011433300096541643,
                    0.00011937497765757143,
                    0.00011487500160001218,
                    0.00011508402531035244,
                    0.00011737502063624561,
                    0.00011720799375325441,
                    0.00011474997154437006,
                    0.00011945900041610003,
                    0.00011704201460815966,
                    0.0001137089857365936,
                    0.00011345799430273473,
                    0.00012366697774268687,
                    0.00011695799184963107,
                    0.00011545800953172147,
                    0.0001176249934360385,
                    0.00011841600644402206,
                    0.00011774999438785017,
                    0.00011433300096541643,
                    0.000120542012155056,
                    0.000116915995022282,
                    0.00011541700223460793,
                    0.00012045801850035787,
                    0.00011570900096558034,
                    0.00011570801143534482,
                    0.00011724999058060348,
                    0.00011758299660868943,
                    0.00011562497820705175,
                    0.00011787499533966184,
                    0.00011641599121503532,
                    0.00011350002023391426,
                    0.00011300001642666757,
                    0.00011741698835976422,
                    0.00011637498391792178,
                    0.00011374999303370714,
                    0.0001177079975605011,
                    0.00011583298328332603,
                    0.00011508300667628646,
                    0.00011633397662080824,
                    0.0001187919988296926,
                    0.00011424999684095383,
                    0.00011649998486973345,
                    0.0001167499867733568,
                    0.00011399999493733048,
                    0.00011799999629147351,
                    0.00011629200889728963,
                    0.00011391699081286788,
                    0.00011850000009872019,
                    0.00011550000635907054,
                    0.00011487500160001218,
                    0.00011775002349168062,
                    0.00011516700033098459,
                    0.00011529200128279626,
                    0.00011766701936721802,
                    0.00011779202031902969,
                    0.00011491699842736125,
                    0.00011537500540725887,
                    0.00012329197488725185,
                    0.00011500000255182385,
                    0.00011387499398551881,
                    0.0001167499867733568,
                    0.00011679099407047033,
                    0.00011412499588914216,
                    0.00011387499398551881,
                    0.00012325000716373324,
                    0.0001144580019172281,
                    0.00011391699081286788,
                    0.00011679201270453632,
                    0.00011816600454039872,
                    0.00011554101365618408,
                    0.00011754198931157589,
                    0.0001177079975605011,
                    0.00011562497820705175,
                    0.00011404199176467955,
                    0.00011983301374129951,
                    0.00011562500731088221,
                    0.00011495800572447479,
                    0.0001164170098491013,
                    0.00011766600073315203,
                    0.0001143749977927655,
                    0.00011741698835976422,
                    0.00011658298899419606,
                    0.00011374999303370714,
                    0.00011299998732283711,
                    0.00011758299660868943,
                    0.00011516700033098459,
                    0.00011354099842719734,
                    0.00011550000635907054,
                    0.00011712501873262227,
                    0.00011449999874457717,
                    0.00011675001587718725,
                    0.00011595900286920369,
                    0.00011424999684095383,
                    0.00011620900477282703,
                    0.00011562500731088221,
                    0.00011354198795743287,
                    0.00011337499017827213,
                    0.00011600001016631722,
                    0.00011683400953188539,
                    0.00011337499017827213,
                    0.00011483300477266312,
                    0.00011575000826269388,
                    0.0001158749801106751,
                    0.00011254099081270397,
                    0.00011616601841524243,
                    0.00011454100604169071,
                    0.00011308302055113018,
                    0.00011408299906179309,
                    0.00011691701365634799,
                    0.00011370799620635808,
                    0.00011333299335092306,
                    0.00011820800136774778,
                    0.00011475000064820051,
                    0.00011312501737847924,
                    0.00011529200128279626,
                    0.00011583301238715649,
                    0.00011320802150294185,
                    0.00011320799239911139,
                    0.00011958298273384571,
                    0.00011550000635907054,
                    0.00011500000255182385,
                    0.00011399999493733048,
                    0.00012087501818314195,
                    0.00011545800953172147,
                    0.0001143749977927655,
                    0.00011683398042805493,
                    0.00011820800136774778,
                    0.00011483300477266312,
                    0.0001151659816969186,
                    0.00012000001152046025,
                    0.00011558298137970269,
                    0.00011691698455251753,
                    0.00011712498962879181,
                    0.00011691701365634799,
                    0.00011583400191739202,
                    0.00011783299851231277,
                    0.00011945798178203404,
                    0.0001152500044554472,
                    0.0001177910016849637,
                    0.00011758398613892496,
                    0.00011479199747554958,
                    0.00011495800572447479,
                    0.00012400001287460327,
                    0.00011850000009872019,
                    0.00011537500540725887,
                    0.00011550000635907054,
                    0.00012075001723133028,
                    0.00012108401278965175,
                    0.00011629099026322365,
                    0.00011875000200234354,
                    0.00011745799565687776,
                    0.0001128339790739119,
                    0.00011566700413823128,
                    0.00011508300667628646,
                    0.00011266701039858162,
                    0.00011483300477266312,
                    0.000115458999061957,
                    0.00011741599882952869,
                    0.00011908297892659903,
                    0.00012083401088602841,
                    0.00011537500540725887,
                    0.00011625001206994057,
                    0.0001162080152425915,
                    0.0001128750154748559,
                    0.0001221249985974282,
                    0.00011720799375325441,
                    0.00011649998486973345,
                    0.00011754099978134036,
                    0.00011462499969638884,
                    0.00011299998732283711,
                    0.00011245801579207182,
                    0.0001185830042231828,
                    0.00011766699026338756,
                    0.00012275000335648656,
                    0.0001195840013679117,
                    0.00011808300041593611,
                    0.00011183301103301346,
                    0.00011758299660868943,
                    0.00011600001016631722,
                    0.00011366599937900901,
                    0.00011533297947607934,
                    0.00011712501873262227,
                    0.00011325001833029091,
                    0.00011662501492537558,
                    0.00011745898518711329,
                    0.00011345799430273473,
                    0.00011229098890908062,
                    0.00011616601841524243,
                    0.00011504199937917292,
                    0.0001135829952545464,
                    0.0001128750154748559,
                    0.00011750002158805728,
                    0.00011354201706126332,
                    0.0001120000088121742,
                    0.00011500000255182385,
                    0.00011645798804238439,
                    0.00011404100223444402,
                    0.00011320898192934692,
                    0.00011812499724328518,
                    0.00011454100604169071,
                    0.00011316599557176232,
                    0.00011683398042805493,
                    0.00011679099407047033,
                    0.00011395799810998142,
                    0.00011337499017827213,
                    0.00011929101310670376,
                    0.00011445899144746363,
                    0.00011329198605380952,
                    0.00011245798668824136,
                    0.00011770898709073663,
                    0.00011466600699350238,
                    0.00011175000690855086,
                    0.00011362502118572593,
                    0.00011549997725524008,
                    0.00011166700278408825,
                    0.00011504199937917292,
                    0.00011483300477266312,
                    0.00011220801388844848,
                    0.00011933298083022237,
                    0.0001142919936683029,
                    0.00011337501928210258,
                    0.00011779199121519923,
                    0.00011225001071579754,
                    0.00011120902490802109,
                    0.00011579200509004295,
                    0.0001161669788416475,
                    0.00011399999493733048,
                    0.00011900000390596688,
                    0.00011920899851247668,
                    0.00011387499398551881,
                    0.00011675001587718725,
                    0.00011333299335092306,
                    0.00011145800817757845,
                    0.00011520800762809813,
                    0.00011379201896488667,
                    0.00011179200373589993,
                    0.00011362499208189547,
                    0.00011566700413823128,
                    0.00011274998541921377,
                    0.00011137500405311584,
                    0.00011579200509004295,
                    0.00011508300667628646,
                    0.0001127079885918647,
                    0.00011537500540725887,
                    0.00011537500540725887,
                    0.00011145800817757845,
                    0.00011412502499297261,
                    0.00011300001642666757,
                    0.00011087500024586916,
                    0.00011500000255182385,
                    0.00011408299906179309,
                    0.00011125000310130417,
                    0.00011391699081286788,
                    0.0001124159898608923,
                    0.00011054199421778321,
                    0.00011433300096541643,
                    0.00011279198224656284,
                    0.00011100000119768083,
                    0.00011341599747538567,
                    0.00011433399049565196,
                    0.00011224998161196709,
                    0.00011083300341852009,
                    0.00011491600889712572,
                    0.00011195798288099468,
                    0.00011162500595673919,
                    0.00011791600263677537,
                    0.00011462499969638884,
                    0.0001120000088121742,
                    0.00011520797852426767,
                    0.00011562500731088221,
                    0.00011266599176451564,
                    0.00011620798613876104,
                    0.00011670801904983819,
                    0.00011304102372378111,
                    0.00011529098264873028,
                    0.00011662501492537558,
                    0.0001127920113503933,
                    0.00011520797852426767,
                    0.00011520800762809813,
                    0.0001127079885918647,
                    0.00011495800572447479,
                    0.00011566700413823128,
                    0.00011387502308934927,
                    0.0001128750154748559,
                    0.0001167499867733568,
                    0.00011475000064820051,
                    0.00011362502118572593,
                    0.00011758299660868943,
                    0.0001143749977927655,
                    0.00011645801714621484,
                    0.00011645798804238439,
                    0.00011454100604169071,
                    0.00011658397852443159,
                    0.00011620798613876104,
                    0.00011312501737847924,
                    0.00011775002349168062,
                    0.00011449999874457717,
                    0.00011475000064820051,
                    0.00011650001397356391,
                    0.00011733299470506608,
                    0.00011362499208189547,
                    0.00011633301619440317,
                    0.00011733299470506608,
                    0.00011495800572447479,
                    0.0001143749977927655,
                    0.00011658301809802651,
                    0.00011687501682899892,
                    0.00011379100033082068,
                    0.00011720799375325441,
                    0.00011737499153241515,
                    0.00011420800001360476,
                    0.00011520797852426767,
                    0.00011937500676140189,
                    0.00011541598360054195,
                    0.00011904101120308042,
                    0.00011720799375325441,
                    0.00011774999438785017,
                    0.00011479199747554958,
                    0.00011841600644402206,
                    0.00011891699978150427,
                    0.00011633298709057271,
                    0.0001186660083476454,
                    0.00011799999629147351,
                    0.00011504199937917292,
                    0.00011783401714637876,
                    0.0001161250111181289,
                    0.00011449999874457717,
                    0.00011799999629147351,
                    0.00012029201025143266,
                    0.00011629197979345918,
                    0.00011416699271649122,
                    0.00011333299335092306,
                    0.00011920800898224115,
                    0.00011491699842736125,
                    0.00011379198986105621,
                    0.00011683400953188539,
                    0.00011766600073315203,
                    0.00011495800572447479,
                    0.00011841600644402206,
                    0.00011724999058060348,
                    0.00011516700033098459,
                    0.00011829100549221039,
                    0.00011608301429077983,
                    0.0001137500221375376,
                    0.00011391600128263235,
                    0.00011712498962879181,
                    0.00011870800517499447,
                    0.00011508300667628646,
                    0.0001141660031862557,
                    0.0001235000090673566,
                    0.00011604200699366629,
                    0.00011479097884148359,
                    0.00011720802285708487,
                    0.00011750002158805728,
                    0.00011408401769585907,
                    0.00011595801333896816,
                    0.00011795799946412444,
                    0.00011383299715816975,
                    0.00011566598550416529,
                    0.00011637501302175224,
                    0.00011441699462011456,
                    0.00011270801769569516,
                    0.00011699998867698014,
                    0.00011654198169708252,
                    0.0001144580019172281,
                    0.0001170419855043292,
                    0.00012012498336844146,
                    0.00011508300667628646,
                    0.00011379100033082068,
                    0.00011287498637102544,
                    0.0001179169921670109,
                    0.00011404199176467955,
                    0.00011279198224656284,
                    0.00011575000826269388,
                    0.00011529200128279626,
                    0.00011374999303370714,
                    0.00011620900477282703,
                    0.0001163340057246387,
                    0.00011320799239911139,
                    0.00011324998922646046,
                    0.00011862500105053186,
                    0.00011374999303370714,
                    0.00011287498637102544,
                    0.00011900000390596688,
                    0.00011550000635907054,
                    0.00011354198795743287,
                    0.00011362499208189547,
                    0.00011837499914690852,
                    0.00011408299906179309,
                    0.00011341599747538567,
                    0.00011637501302175224,
                    0.00011362502118572593,
                    0.00011512500350363553,
                    0.00011579200509004295,
                    0.00011316701420582831,
                    0.00011341599747538567,
                    0.00011712501873262227,
                    0.00011583397281356156,
                    0.00011358401388861239,
                    0.00011808398994617164,
                    0.00027316599152982235,
                    0.00023224999313242733,
                    0.00014791599824093282,
                    0.0001275409886147827,
                    0.00012020900612697005,
                    0.00012258300557732582,
                    0.00011783299851231277,
                    0.00011583400191739202,
                    0.00011891699978150427,
                    0.00011712498962879181,
                    0.00011541700223460793,
                    0.00011933399946428835,
                    0.00011562500731088221,
                    0.00011370799620635808,
                    0.00011904200073331594,
                    0.00011570801143534482,
                    0.00011604200699366629,
                    0.00011916700168512762,
                    0.00011733299470506608,
                    0.00011799999629147351,
                    0.00012012501247227192,
                    0.00011762502253986895,
                    0.00011979200644418597,
                    0.0001160409883596003,
                    0.0001153330085799098,
                    0.00012075001723133028,
                    0.00011712498962879181,
                    0.0001158749801106751,
                    0.00011958301183767617,
                    0.00011845800327137113,
                    0.00011541700223460793,
                    0.00012008400517515838,
                    0.00011774999438785017,
                    0.00011604200699366629,
                    0.0001200829865410924,
                    0.00028991600265726447,
                    0.00020491701434366405,
                    0.0001363749906886369,
                    0.0001192079798784107,
                    0.0001179169921670109,
                    0.00011658298899419606,
                    0.00011262501357123256,
                    0.00011399999493733048,
                    0.00011299998732283711,
                    0.00011008299770765007,
                    0.0001128339790739119,
                    0.00011258400627411902,
                    0.00011045800056308508,
                    0.0001128750154748559,
                    0.00011212500976398587,
                    0.00010916698374785483,
                    0.00010970799485221505,
                    0.00011370799620635808,
                    0.00011054199421778321,
                    0.00010954099707305431,
                    0.00011320799239911139,
                    0.00011125000310130417,
                    0.0001102499954868108,
                    0.00011195798288099468,
                    0.00011324998922646046,
                    0.00011000002268701792,
                    0.0001127920113503933,
                    0.00011208400246687233,
                    0.00011033398914150894,
                    0.00011308299144729972,
                    0.00011237501166760921,
                    0.00011275001452304423,
                    0.00011308299144729972,
                    0.00011054100468754768,
                    0.00010845798533409834,
                    0.00011049999739043415,
                    0.00010899998596869409,
                    0.00010812500840984285,
                    0.00010904099326580763,
                    0.00011058300151489675,
                    0.00010708300396800041,
                    0.00010725000174716115,
                    0.00011066699516959488,
                    0.00010904099326580763,
                    0.00011125000310130417,
                    0.00011249998351559043,
                    0.00011100000119768083,
                    0.00011329201515763998,
                    0.00011233400437049568,
                    0.000110417022369802,
                    0.00011175000690855086,
                    0.00011312498827464879,
                    0.00010941701475530863,
                    0.00011241700849495828,
                    0.00011187497875653207,
                    0.00010970799485221505,
                    0.00011333302245475352,
                    0.00011062499834224582,
                    0.00010879200999625027,
                    0.00011283298954367638,
                    0.00010991698945872486,
                    0.00010841700714081526,
                    0.00011079199612140656,
                    0.000112209003418684,
                    0.00010958401253446937,
                    0.00011220798478461802,
                    0.00011183301103301346,
                    0.00010874998406507075,
                    0.00011279198224656284,
                    0.00011070800246670842,
                    0.00010850001126527786,
                    0.00010816700523719192,
                    0.00011249998351559043,
                    0.00011429100413806736,
                    0.00011129199992865324,
                    0.00011308299144729972,
                    0.00011441699462011456,
                    0.00011208397336304188,
                    0.00010816700523719192,
                    0.00011399999493733048,
                    0.00010908400872722268,
                    0.00010795900016091764,
                    0.00011145800817757845,
                    0.00011229200754314661,
                    0.00010912501602433622,
                    0.00011245798668824136,
                    0.0001203749852720648,
                    0.00010966599802486598,
                    0.00011158300912939012,
                    0.00011137500405311584,
                    0.00010891701094806194,
                    0.00011204197653569281,
                    0.0001109160075429827,
                    0.00010908397962339222,
                    0.00011254200944676995,
                    0.00011100000119768083,
                    0.00010912498692050576,
                    0.0001084580144379288,
                    0.00011420800001360476,
                    0.00010933299199678004,
                    0.00010808301158249378,
                    0.00010987499263137579,
                    0.00011170801008120179,
                    0.00010837498120963573,
                    0.00011083399294875562,
                    0.00011483399430289865,
                    0.00010933401063084602,
                    0.0001112080062739551,
                    0.00011116598034277558,
                    0.00010854200809262693,
                    0.00010749997454695404,
                    0.00011212500976398587,
                    0.00010970799485221505,
                    0.00010887498501688242,
                    0.00011212498066015542,
                    0.0001120000088121742,
                    0.00011875000200234354,
                    0.00011579200509004295,
                    0.00011245801579207182,
                    0.0001102499954868108,
                    0.00011412499588914216,
                    0.00011312501737847924,
                    0.0001112080062739551,
                    0.00011391600128263235,
                    0.00011204101610928774,
                    0.000110417022369802,
                    0.00011479199747554958,
                    0.00011279099271632731,
                    0.00011083399294875562,
                    0.00011441699462011456,
                    0.00011029100278392434,
                    0.00011399999493733048,
                    0.00011491699842736125,
                    0.00011766600073315203,
                    0.00011449999874457717,
                    0.00011704201460815966,
                    0.0001224169973284006,
                    0.00011320799239911139,
                    0.00011962500866502523,
                    0.00011483300477266312,
                    0.00011591700604185462,
                    0.00012091698590666056,
                    0.00012454198440536857,
                    0.00012012501247227192,
                    0.00011762502253986895,
                    0.00011208400246687233,
                    0.00011141601135022938,
                    0.00011112497304566205,
                    0.00010841700714081526,
                    0.00011216697748750448,
                    0.00011033398914150894,
                    0.0001092919846996665,
                    0.00011220801388844848,
                    0.00011000002268701792,
                    0.00010858301538974047,
                    0.00010783399920910597,
                    0.00011291602277196944,
                    0.00010979201761074364,
                    0.00010841598850674927,
                    0.0001111250021494925,
                    0.00011141700088046491,
                    0.00010808301158249378,
                    0.00011208298383280635,
                    0.00011037499643862247,
                    0.00010895801824517548,
                    0.00011154200183227658,
                    0.00011058300151489675,
                    0.00010862498311325908,
                    0.00011250001261942089,
                    0.00011100000119768083,
                    0.00011325001833029091,
                    0.00010950001887977123,
                    0.0001086670090444386,
                    0.00011041699326597154,
                    0.00011170801008120179,
                    0.00010850001126527786,
                    0.00011141700088046491,
                    0.0001109160075429827,
                    0.00010770800872705877,
                    0.00011033398914150894,
                    0.00011000002268701792,
                    0.00010783298057503998,
                    0.00011175000690855086,
                    0.00010899998596869409,
                    0.00010741699952632189,
                    0.00010799997835420072,
                    0.00011254101991653442,
                    0.00010929201380349696,
                    0.00011041699326597154,
                    0.00011129098129458725,
                    0.00010862501221708953,
                    0.00011175000690855086,
                    0.0001110419980250299,
                    0.00010850001126527786,
                    0.0001120830129366368,
                    0.00011062499834224582,
                    0.00010870801634155214,
                    0.00011233301484026015,
                    0.00011062499834224582,
                    0.00011299998732283711,
                    0.00010991698945872486,
                    0.00010879198089241982,
                    0.00010800000745803118,
                    0.00011441699462011456,
                    0.00010966599802486598,
                    0.00011037502554245293,
                    0.00011145899770781398,
                    0.00011087500024586916,
                    0.00010845900396816432,
                    0.00011195801198482513,
                    0.00011433300096541643,
                    0.0001102499954868108,
                    0.00011079199612140656,
                    0.00011304201325401664,
                    0.00010929099516943097,
                    0.00010754200047813356,
                    0.000110417022369802,
                    0.0001112080062739551,
                    0.00010837498120963573,
                    0.0001078750065062195,
                    0.0001126249844674021,
                    0.00010854200809262693,
                    0.00010812500840984285,
                    0.00010783300967887044,
                    0.00011008302681148052,
                    0.000120542012155056,
                    0.00010883298818953335,
                    0.00011250001261942089,
                    0.00010866601951420307,
                    0.00010929099516943097,
                    0.00010870798723772168,
                    0.00011304201325401664,
                    0.00011333302245475352,
                    0.00010891701094806194,
                    0.00011320799239911139,
                    0.00010854200809262693,
                    0.00010862501221708953,
                    0.00011104100849479437,
                    0.00011216598795726895,
                    0.00010775000555440784,
                    0.0001060830254573375,
                    0.00010987499263137579,
                    0.00010712497169151902,
                    0.00010570799349807203,
                    0.00010829200618900359,
                    0.000108207983430475,
                    0.00010650002514012158,
                    0.00011133300722576678,
                    0.00010837498120963573,
                    0.00010683300206437707,
                    0.00010999999358318746,
                    0.00010900001507252455,
                    0.00010620799730531871,
                    0.00010504201054573059,
                    0.0001092919846996665,
                    0.00010674999793991446,
                    0.00010749997454695404,
                    0.00011312501737847924,
                    0.00011054202332161367,
                    0.0001078750065062195,
                    0.00010983299580402672,
                    0.00011191601515747607,
                    0.00010945799294859171,
                    0.0001111250021494925,
                    0.00011154200183227658,
                    0.00010870798723772168,
                    0.00011079199612140656,
                    0.00011054199421778321,
                    0.000108584004919976,
                    0.0001077089982572943,
                    0.00011258298764005303,
                    0.00010941599612124264,
                    0.00010800000745803118,
                    0.00010904198279604316,
                    0.0001109160075429827,
                    0.00010712500079534948,
                    0.00011070800246670842,
                    0.00010783298057503998,
                    0.00011466699652373791,
                    0.00011608298518694937,
                    0.00011258400627411902,
                    0.0001060830254573375,
                    0.00011108297621831298,
                    0.000106791005237028,
                    0.00010850001126527786,
                    0.00010883400682359934,
                    0.00010716600809246302,
                    0.00010887498501688242,
                    0.00010954198660328984,
                    0.00010687499889172614,
                    0.00011020799865946174,
                    0.0001094590115826577,
                    0.00011824999819509685,
                    0.00011012502363882959,
                    0.00010833301348611712,
                    0.00010645799920894206,
                    0.00011066600563935935,
                    0.0001077920023817569,
                    0.0001068339915946126,
                    0.00011062499834224582,
                    0.00010795798152685165,
                    0.0001066249969881028,
                    0.0001101669913623482,
                    0.00010733399540185928,
                    0.00010654100333340466,
                    0.00010854197898879647,
                    0.0001100839872378856,
                    0.00010725000174716115,
                    0.00010949998977594078,
                    0.00010858397581614554,
                    0.00010641600238159299,
                    0.00010649999603629112,
                    0.00011204200563952327,
                    0.00010749997454695404,
                    0.00010683300206437707,
                    0.00010858298628591001,
                    0.00011116600944660604,
                    0.00010658398969098926,
                    0.00011304099461995065,
                    0.00010845900396816432,
                    0.00010625002323649824,
                    0.0001094590115826577,
                    0.00010862498311325908,
                    0.00010654100333340466,
                    0.0001099579967558384,
                    0.00010775000555440784,
                    0.00010679199476726353,
                    0.00011029100278392434,
                    0.00010750000365078449,
                    0.0001060419890563935,
                    0.00010924998787231743,
                    0.0001077920023817569,
                    0.00010941698565147817,
                    0.00010945898247882724,
                    0.0001069169957190752,
                    0.00010879198089241982,
                    0.00010983299580402672,
                    0.00010645799920894206,
                    0.00010883298818953335,
                    0.00010854200809262693,
                    0.0001060419890563935,
                    0.00011004199041053653,
                    0.00010737500269897282,
                    0.00010516701149754226,
                    0.0001077920023817569,
                    0.0001078750065062195,
                    0.00010504198144190013,
                    0.00010699999984353781,
                    0.00010862498311325908,
                    0.00010508301784284413,
                    0.0001095420157071203,
                    0.0001102499954868108,
                    0.00010962499072775245,
                    0.00010704202577471733,
                    0.00010912501602433622,
                    0.00010633299825713038,
                    0.00010470798588357866,
                    0.00010825000936165452,
                    0.00010766598279587924,
                    0.00010591698810458183,
                    0.00010954099707305431,
                    0.00010566701530478895,
                    0.00010504201054573059,
                    0.00010791598469950259,
                    0.0001078750065062195,
                    0.00010533299064263701,
                    0.0001093749888241291,
                    0.00010733300587162375,
                    0.00010608299635350704,
                    0.00011004199041053653,
                    0.00010833298438228667,
                    0.00010645898873917758,
                    0.00010808301158249378,
                    0.0001084999821614474,
                    0.0001076660118997097,
                    0.00010704097803682089,
                    0.00010991599992848933,
                    0.00010979201761074364,
                    0.00010820900206454098,
                    0.000106791005237028,
                    0.00011120899580419064,
                    0.00010929099516943097,
                    0.00010804200428538024,
                    0.00010783300967887044,
                    0.00011295799049548805,
                    0.0001082909875549376,
                    0.00010766700142994523,
                    0.00010741699952632189,
                    0.00011354198795743287,
                    0.00010904099326580763,
                    0.00010716699762269855,
                    0.00011087500024586916,
                    0.00011204200563952327,
                    0.00010879198089241982,
                    0.00011058300151489675,
                    0.00011041600373573601,
                    0.00010704199667088687,
                    0.00010620799730531871,
                    0.0001102499954868108,
                    0.00010816598660312593,
                    0.00010720899445004761,
                    0.00010595799540169537,
                    0.0001101669913623482,
                    0.00010766598279587924,
                    0.0001067080011125654,
                    0.00010566599667072296,
                    0.0001120000088121742,
                    0.00011029202141799033,
                    0.00010674999793991446,
                    0.000108584004919976,
                    0.00010970898438245058,
                    0.00010683300206437707,
                    0.00010904201189987361,
                    0.00010954099707305431,
                    0.00010608398588374257,
                    0.00010620799730531871,
                    0.0001084999821614474,
                    0.00010929201380349696,
                    0.00010687499889172614,
                    0.00010591701720841229,
                    0.00010870900587178767,
                    0.00010783399920910597,
                    0.00010587499127723277,
                    0.00010562501847743988,
                    0.0001095420157071203,
                    0.00010837498120963573,
                    0.00010725000174716115,
                    0.00010712500079534948,
                    0.00011204200563952327,
                    0.00010733300587162375,
                    0.00010604099952615798,
                    0.00011162497685290873,
                    0.00010695800301618874,
                    0.00010758399730548263,
                    0.00011079100659117103,
                    0.0001070840226020664,
                    0.00010800000745803118,
                    0.00011208298383280635,
                    0.00011179200373589993,
                    0.00010891599231399596,
                    0.00011608301429077983,
                    0.0001170000177808106,
                    0.00011254200944676995,
                    0.00011908300803042948,
                    0.00012145799701102078,
                    0.00011679201270453632,
                    0.00011691701365634799,
                    0.00011379100033082068,
                    0.00011412499588914216,
                    0.00011108300532214344,
                    0.00011441702372394502,
                    0.00011258301674388349,
                    0.00010912498692050576,
                    0.00011320799239911139,
                    0.00011358398478478193,
                    0.00011579200509004295,
                    0.00011449999874457717,
                    0.00012208300177007914,
                    0.0001110419980250299,
                    0.00011374999303370714,
                    0.00011712498962879181,
                    0.00011295898002572358,
                    0.00011262501357123256,
                    0.00011379100033082068,
                    0.0001168329908978194,
                    0.00011433300096541643,
                    0.00011520797852426767,
                    0.0001153330085799098,
                    0.00011266599176451564,
                    0.00011704099597409368,
                    0.00011824999819509685,
                    0.00011370799620635808,
                    0.00011566601460799575,
                    0.00011008299770765007,
                    0.00010858298628591001,
                    0.0001111250021494925,
                    0.00011237498256377876,
                    0.00010845900396816432,
                    0.00011104097939096391,
                    0.00011095899390056729,
                    0.00011125000310130417,
                    0.00011029100278392434,
                    0.00010904198279604316,
                    0.00011241700849495828,
                    0.00010991599992848933,
                    0.00010820801253430545,
                    0.00011274998541921377,
                    0.00011154101230204105,
                    0.00010974999167956412,
                    0.00011054199421778321,
                    0.00011183301103301346,
                    0.000108584004919976,
                    0.00010795900016091764,
                    0.00011187497875653207,
                    0.00010900001507252455,
                    0.00010745797771960497,
                    0.00010754200047813356,
                    0.0001170419855043292,
                    0.00010841598850674927,
                    0.00010766700142994523,
                    0.00011045800056308508,
                    0.00011266599176451564,
                    0.00010854200809262693,
                    0.00011108300532214344,
                    0.00011120899580419064,
                    0.00010837501031346619,
                    0.00011145797907374799,
                    0.00011066699516959488,
                    0.00010924998787231743,
                    0.00011237501166760921,
                    0.00011116598034277558,
                    0.00010904201189987361,
                    0.00010766700142994523,
                    0.00011312498827464879,
                    0.0001084580144379288,
                    0.00010837498120963573,
                    0.00011312498827464879,
                    0.00010949998977594078,
                    0.00010754101094789803,
                    0.00011170798097737134,
                    0.00010987499263137579,
                    0.0001084580144379288,
                    0.00011150000500492752,
                    0.00010895900777541101,
                    0.00010795798152685165,
                    0.0001110419980250299,
                    0.00010991599992848933,
                    0.00011162500595673919,
                    0.00011108402395620942,
                    0.0001086670090444386,
                    0.0001134999911300838,
                    0.00010870900587178767,
                    0.00010825000936165452,
                    0.0001162080152425915,
                    0.00010941698565147817,
                    0.00010979198850691319,
                    0.0001120000088121742,
                    0.00010929201380349696,
                    0.00011145800817757845,
                    0.00011137500405311584,
                    0.00010891599231399596,
                    0.00011175000690855086,
                    0.00011074999929405749,
                    0.000108584004919976,
                    0.00011091597843915224,
                    0.00011116600944660604,
                    0.00010804200428538024,
                    0.00011012502363882959,
                    0.00011016702046617866,
                    0.00010791700333356857,
                    0.0001102499954868108,
                    0.00011008299770765007,
                    0.00010874998406507075,
                    0.00011137500405311584,
                    0.00011045800056308508,
                    0.0001084999821614474,
                    0.00011225001071579754,
                    0.00010975002078339458,
                    0.00010824998025782406,
                    0.00010770800872705877,
                    0.0001125419803429395,
                    0.0001092089805752039,
                    0.00010754200047813356,
                    0.0001093749888241291,
                    0.00011158399865962565,
                    0.00010895798914134502,
                    0.00011045800056308508,
                    0.00011258400627411902,
                    0.00010866599041037261,
                    0.00011087500024586916,
                    0.00011150000500492752,
                    0.0001093749888241291,
                    0.00010812500840984285,
                    0.00011233400437049568,
                    0.0001091659942176193,
                    0.00011449999874457717,
                    0.00011083300341852009,
                    0.00011158298002555966,
                    0.00010883298818953335,
                    0.00010858301538974047,
                    0.00011133399675600231,
                    0.00011054199421778321,
                    0.00010879102046601474,
                    0.00011145899770781398,
                    0.00011129199992865324,
                    0.00010954198660328984,
                    0.0001473749871365726,
                    0.000376083014998585,
                    0.00016945801326073706,
                    0.00013558397768065333,
                    0.00012149999383836985,
                    0.00011758299660868943,
                    0.000121958990348503,
                    0.00012004200834780931,
                    0.00011875000200234354,
                    0.00011908300803042948,
                    0.00012445799075067043,
                    0.00011858399375341833,
                    0.00011629200889728963,
                    0.000120165990665555,
                    0.0001415839942637831,
                    0.0003085420175921172,
                    0.0002640830061864108,
                    0.00015320800594054163,
                    0.00012762501137331128,
                    0.00012087498907931149,
                    0.00012112499098293483,
                    0.00012045798939652741,
                    0.00011729198740795255,
                    0.00012279200018383563,
                    0.00011866699787788093,
                    0.00011708299280144274,
                    0.00012129099923186004,
                    0.0001177910016849637,
                    0.00011549997725524008,
                    0.00011833399184979498,
                    0.00011854100739583373,
                    0.00011483300477266312,
                    0.0001142919936683029,
                    0.00011829199502244592,
                    0.00011883300612680614,
                    0.0001158749801106751,
                    0.00011716599692590535,
                    0.0001170000177808106,
                    0.0001158749801106751,
                    0.0001194580108858645,
                    0.00011820800136774778,
                    0.0001152500044554472,
                    0.00011749999248422682,
                    0.00011979200644418597,
                    0.00011500000255182385,
                    0.00011804199311882257,
                    0.00011716698645614088,
                    0.00011529101175256073,
                    0.00012120799510739744,
                    0.00011720799375325441,
                    0.00011495899525471032,
                    0.00011683400953188539,
                    0.00011666701175272465,
                    0.00011433399049565196,
                    0.00011737499153241515,
                    0.00011424999684095383,
                    0.00011404199176467955,
                    0.00011712498962879181,
                    0.00011733299470506608,
                    0.00011387499398551881,
                    0.00011787499533966184,
                    0.00011758401524275541,
                    0.00011466597788967192,
                    0.00011937500676140189,
                    0.00011620897566899657,
                    0.00011399999493733048,
                    0.00011808398994617164,
                    0.00011487500160001218,
                    0.00011387499398551881,
                    0.00011612498201429844,
                    0.0001161250111181289,
                    0.00011408302816562355,
                    0.00011616601841524243,
                    0.00011600001016631722,
                    0.00011391600128263235,
                    0.00011675001587718725,
                    0.0001162080152425915,
                    0.0001139590167440474,
                    0.00011795799946412444,
                    0.00013245802256278694,
                    0.00011479199747554958,
                    0.00011774999438785017,
                    0.00011637501302175224,
                    0.0001155420031864196,
                    0.00011854100739583373,
                    0.00011641599121503532,
                    0.00011449999874457717,
                    0.00011804199311882257,
                    0.0001170419855043292,
                    0.00011829199502244592,
                    0.00011550000635907054,
                    0.00011820899089798331,
                    0.00011758302571251988,
                    0.00011458297376520932,
                    0.0001177910016849637,
                    0.00011566700413823128,
                    0.00011483300477266312,
                    0.00011779097258113325,
                    0.00011579200509004295,
                    0.00011516700033098459,
                    0.00011766701936721802,
                    0.00011570900096558034,
                    0.00011424999684095383,
                    0.00011308299144729972,
                    0.00011895800707861781,
                    0.00011429202277213335,
                    0.00011316701420582831,
                    0.00011808300041593611,
                    0.00011495797662064433,
                    0.00011399999493733048,
                    0.00012229199637658894,
                    0.00011458300286903977,
                    0.00011370799620635808,
                    0.00011658298899419606,
                    0.00011608301429077983,
                    0.00011387502308934927,
                    0.00011795901809819043,
                    0.00011475000064820051,
                    0.00011383398668840528,
                    0.00011758398613892496,
                    0.00011441600508987904,
                    0.00011387499398551881,
                    0.00011695799184963107,
                    0.0001179169921670109,
                    0.00011362499208189547,
                    0.00011666599311865866,
                    0.0001168329908978194,
                    0.00011399999493733048,
                    0.00011320799239911139,
                    0.00011641602031886578,
                    0.00011654099216684699,
                    0.0001144580019172281,
                    0.00011749999248422682,
                    0.00011529200128279626,
                    0.00011483300477266312,
                    0.00011841699597425759,
                    0.00011562500731088221,
                    0.00011495899525471032,
                    0.00011795898899435997,
                    0.00011574997915886343,
                    0.00011449999874457717,
                    0.00011745799565687776,
                    0.00011670798994600773,
                    0.00011562500731088221,
                    0.00011808300041593611,
                    0.0001161250111181289,
                    0.00011454199557192624,
                    0.00011387499398551881,
                    0.00012349997996352613,
                    0.00011458300286903977,
                    0.00011354198795743287,
                    0.0001142919936683029,
                    0.00011712498962879181,
                    0.00011362499208189547,
                    0.00011333299335092306,
                    0.00011654201080091298,
                    0.00011691701365634799,
                    0.00011466699652373791,
                    0.00011575000826269388,
                    0.00011774999438785017,
                    0.00011433300096541643,
                    0.00011708299280144274,
                    0.00011808300041593611,
                    0.0001148340234067291,
                    0.00012137502199038863,
                    0.00011737502063624561,
                    0.00011420901864767075,
                    0.00011312501737847924,
                    0.00011750002158805728,
                    0.00011412502499297261,
                    0.00011254200944676995,
                    0.0001161250111181289,
                    0.00011620798613876104,
                    0.00011312501737847924,
                    0.00011808300041593611,
                    0.0001152500044554472,
                    0.00011387499398551881,
                    0.00011654201080091298,
                    0.00011395799810998142,
                    0.00011333299335092306,
                    0.00011637501302175224,
                    0.00011675001587718725,
                    0.0001134999911300838,
                    0.00011166700278408825,
                    0.00011791600263677537,
                    0.00011366599937900901,
                    0.000113290996523574,
                    0.00011608301429077983,
                    0.00011566700413823128,
                    0.00011337501928210258,
                    0.00011258301674388349,
                    0.00011604197788983583,
                    0.00011591700604185462,
                    0.00011275001452304423,
                    0.0001179169921670109,
                    0.00011512500350363553,
                    0.00011391699081286788,
                    0.00011345799430273473,
                    0.00011724999058060348,
                    0.00011541700223460793,
                    0.00011483399430289865,
                    0.00011758299660868943,
                    0.00011654201080091298,
                    0.00011374999303370714,
                    0.00011658298899419606,
                    0.00011508300667628646,
                    0.0001134169870056212,
                    0.00011737499153241515,
                    0.0001161250111181289,
                    0.00011379198986105621,
                    0.00011704099597409368,
                    0.00011508300667628646,
                    0.00011445899144746363,
                    0.00011737499153241515,
                    0.00011562500731088221,
                    0.00011454199557192624,
                    0.0001195840013679117,
                    0.00011475000064820051,
                    0.00011312501737847924,
                    0.0001160409883596003,
                    0.0001176249934360385,
                    0.00011483300477266312,
                    0.00011845902190543711,
                    0.0001170000177808106,
                    0.00011470800382085145,
                    0.0001179169921670109,
                    0.00011679099407047033,
                    0.00011516700033098459,
                    0.0001179169921670109,
                    0.0001160409883596003,
                    0.00011454100604169071,
                    0.00011774999438785017,
                    0.00011820800136774778,
                    0.00011504199937917292,
                    0.00011791600263677537,
                    0.00011824999819509685,
                    0.0001141660031862557,
                    0.00011341599747538567,
                    0.00011862500105053186,
                    0.0001168329908978194,
                    0.00011508300667628646,
                    0.00011824999819509685,
                    0.00011583298328332603,
                    0.00011870800517499447,
                    0.00011583298328332603,
                    0.00011812499724328518,
                    0.0001160409883596003,
                    0.00011420800001360476,
                    0.00011879100929945707,
                    0.00011875000200234354,
                    0.00037858300493098795,
                    0.00020020900410600007,
                    0.00014066699077375233,
                    0.00012666700058616698,
                    0.00012454201350919902,
                    0.00012383400462567806,
                    0.00012187502579763532,
                    0.00012266699923202395,
                    0.0001203330175485462,
                    0.00011866699787788093,
                    0.00012091701501049101,
                    0.00012170799891464412,
                    0.00011845800327137113,
                    0.00011695799184963107,
                    0.00012025001342408359,
                    0.00011749999248422682,
                    0.00011599998106248677,
                    0.0001161669788416475,
                    0.00012000001152046025,
                    0.00011775002349168062,
                    0.00011537500540725887,
                    0.00011920800898224115,
                    0.00011841699597425759,
                    0.00011670801904983819,
                    0.0001194999786093831,
                    0.00011733401333913207,
                    0.00011595900286920369,
                    0.00011616700794547796,
                    0.0001235000090673566,
                    0.00011783299851231277,
                    0.00011529200128279626,
                    0.00012091698590666056,
                    0.00011600001016631722,
                    0.00011475000064820051,
                    0.0001214170188177377,
                    0.00011637501302175224,
                    0.00011816600454039872,
                    0.00012025001342408359,
                    0.00011933399946428835,
                    0.00011645801714621484,
                    0.00011883297702297568,
                    0.00011933300993405282,
                    0.00011520899715833366,
                    0.00011616700794547796,
                    0.00011783299851231277,
                    0.00011645897757261992,
                    0.00011904101120308042,
                    0.00011816600454039872,
                    0.00011608301429077983,
                    0.00011495899525471032,
                    0.00012087501818314195,
                    0.00011683400953188539,
                    0.00011475000064820051,
                    0.00011799999629147351,
                    0.00012066701310686767,
                    0.00011699998867698014,
                    0.00011574997915886343,
                    0.00011962500866502523,
                    0.00011745901429094374,
                    0.00011479199747554958,
                    0.000120542012155056,
                    0.00011612498201429844,
                    0.00011508300667628646,
                    0.00011908297892659903,
                    0.0001179169921670109,
                    0.00011449999874457717,
                    0.0001177910016849637,
                    0.00011808300041593611,
                    0.00011500000255182385,
                    0.00011716701555997133,
                    0.00011841702507808805,
                    0.0001153330085799098,
                    0.00011891699978150427,
                    0.00011720799375325441,
                    0.0001149999734479934,
                    0.00011862500105053186,
                    0.00011679198360070586,
                    0.0001195410150103271,
                    0.00011716599692590535,
                    0.00011479100794531405,
                    0.00011916700168512762,
                    0.00013120900257490575,
                    0.000113667018013075,
                    0.00011820902000181377,
                    0.00011637501302175224,
                    0.00011870797607116401,
                    0.0001188750029541552,
                    0.00011491699842736125,
                    0.0001176249934360385,
                    0.00011629200889728963,
                    0.00011445899144746363,
                    0.00011879098019562662,
                    0.00011645801714621484,
                    0.00011516700033098459,
                    0.00011791702127084136,
                    0.00011495800572447479,
                    0.0001134999911300838,
                    0.00011712498962879181,
                    0.00011479100794531405,
                    0.0001178339880425483,
                    0.00011916700168512762,
                    0.00011483300477266312,
                    0.00011358398478478193,
                    0.00011829199502244592,
                    0.00011916598305106163,
                    0.00011449999874457717,
                    0.00011441699462011456,
                    0.00012091698590666056,
                    0.00011645798804238439,
                    0.00011429202277213335,
                    0.00011820899089798331,
                    0.0001188750029541552,
                    0.00011520797852426767,
                    0.00011725001968443394,
                    0.00011779202031902969,
                    0.00011504100984893739,
                    0.00011500000255182385,
                    0.00012012498336844146,
                    0.00011629099026322365,
                    0.00011449999874457717,
                    0.0001228339970111847,
                    0.0001167499867733568,
                    0.0001143749977927655,
                    0.00011875000200234354,
                    0.00011950000771321356,
                    0.00011795799946412444,
                    0.00011624998296611011,
                    0.00012008400517515838,
                    0.00011733299470506608,
                    0.00011504098074510694,
                    0.00011704201460815966,
                    0.00011866699787788093,
                    0.00011583301238715649,
                    0.00011933298083022237,
                    0.00011695901048369706,
                    0.00011520899715833366,
                    0.00011883300612680614,
                    0.00011662498582154512,
                    0.0001142919936683029,
                    0.00011879098019562662,
                    0.00011616700794547796,
                    0.00011412499588914216,
                    0.00011379201896488667,
                    0.0001188750029541552,
                    0.00011641602031886578,
                    0.00011595801333896816,
                    0.00011900000390596688,
                    0.00011641599121503532,
                    0.0001158749801106751,
                    0.0001172090123873204,
                    0.0001197500096168369,
                    0.00011633298709057271,
                    0.00011870899470523,
                    0.00011879100929945707,
                    0.00011537500540725887,
                    0.00011420800001360476,
                    0.00011850000009872019,
                    0.00011545798042789102,
                    0.00011399999493733048,
                    0.00011716599692590535,
                    0.00011750002158805728,
                    0.0001144580019172281,
                    0.00011737499153241515,
                    0.00011837499914690852,
                    0.00011483300477266312,
                    0.00011670798994600773,
                    0.00012187499669380486,
                    0.00011379198986105621,
                    0.0001194999786093831,
                    0.00011433300096541643,
                    0.00011333299335092306,
                    0.00011666599311865866,
                    0.00011754201841540635,
                    0.00011529101175256073,
                    0.00011470800382085145,
                    0.00011862500105053186,
                    0.00011583301238715649,
                    0.00011566598550416529,
                    0.00011850000009872019,
                    0.00011650001397356391,
                    0.00011508300667628646,
                    0.00011783299851231277,
                    0.0001170419855043292,
                    0.00011379198986105621,
                    0.00011954098590649664,
                    0.00011520800762809813,
                    0.00011391600128263235,
                    0.00011929200263693929,
                    0.00011566700413823128,
                    0.00011395799810998142,
                    0.00011950000771321356,
                    0.00011562500731088221,
                    0.00011299998732283711,
                    0.0001195410150103271,
                    0.00011424999684095383,
                    0.00011399999493733048,
                    0.00011808300041593611,
                    0.00011429100413806736,
                    0.00011658301809802651,
                    0.0001178750244434923,
                    0.00011749999248422682,
                    0.00011387502308934927,
                    0.00011804199311882257,
                    0.0001143749977927655,
                    0.00011345799430273473,
                    0.00011625001206994057,
                    0.00011637501302175224,
                    0.00011412499588914216,
                    0.00011758299660868943,
                    0.00011595900286920369,
                    0.0001137089857365936,
                    0.00011754198931157589,
                    0.0001155420031864196,
                    0.00011345901293680072,
                    0.00011616598931141198,
                    0.0001195410150103271,
                    0.00011458300286903977,
                    0.00011300001642666757,
                    0.00011958301183767617,
                    0.00011458300286903977,
                    0.00011379198986105621,
                    0.00011433300096541643,
                    0.00011716698645614088,
                    0.0001144580019172281,
                    0.00011300001642666757,
                    0.00011733299470506608,
                    0.00011387499398551881,
                    0.00011399999493733048,
                    0.00011574997915886343,
                    0.00011662501492537558,
                    0.00011341701610945165,
                    0.0001162080152425915,
                    0.00011683398042805493,
                    0.00011441699462011456,
                    0.00011645798804238439,
                    0.00011570801143534482,
                    0.00011333302245475352,
                    0.00011308299144729972,
                    0.00011770898709073663,
                    0.00011420898954384029,
                    0.00011299998732283711,
                    0.00011854199692606926,
                    0.00011466699652373791,
                    0.0001135829952545464,
                    0.00011658301809802651,
                    0.0001181670231744647,
                    0.00011591700604185462,
                    0.0001143749977927655,
                    0.0001200829865410924,
                    0.00011591700604185462,
                    0.00011462499969638884,
                    0.00012470901128835976,
                    0.00011741701746359468,
                    0.00011854097829200327,
                    0.00011695901048369706,
                    0.00011925000580959022,
                    0.00011625001206994057,
                    0.0001142919936683029,
                    0.00011787499533966184,
                    0.00011500000255182385,
                    0.00011466699652373791,
                    0.00012054099352099001,
                    0.0001149999734479934,
                    0.00011387499398551881,
                    0.0001161250111181289,
                    0.00011837499914690852,
                    0.00011450002784840763,
                    0.00011683302000164986,
                    0.00011624998296611011,
                    0.0001142919936683029,
                    0.00011850000009872019,
                    0.00011933399946428835,
                    0.00011570900096558034,
                    0.00011516700033098459,
                    0.00011416699271649122,
                    0.000120165990665555,
                    0.00011533399811014533,
                    0.00011395799810998142,
                    0.00011654099216684699,
                    0.00011737499153241515,
                    0.0001164170098491013,
                    0.00011408401769585907,
                    0.00011841702507808805,
                    0.00011583301238715649,
                    0.00011441699462011456,
                    0.00011766701936721802,
                    0.00011670798994600773,
                    0.00011516700033098459,
                    0.00011741701746359468,
                    0.00011495899525471032,
                    0.0001134999911300838,
                    0.00011745898518711329,
                    0.00011558301048353314,
                    0.00011399999493733048,
                    0.00011808300041593611,
                    0.00011479199747554958,
                    0.000113290996523574,
                    0.00012000001152046025,
                    0.00011537500540725887,
                    0.00011429100413806736,
                    0.0001209579932037741,
                    0.0001178339880425483,
                    0.00011441699462011456,
                    0.00011670897947624326,
                    0.00011545800953172147,
                    0.0001125419803429395,
                    0.00011570900096558034,
                    0.00011541700223460793,
                    0.00011362499208189547,
                    0.00011787499533966184,
                    0.00011766600073315203,
                    0.00011504100984893739,
                    0.00012066701310686767,
                    0.00011491699842736125,
                    0.00011408302816562355,
                    0.0001164170098491013,
                    0.00011820899089798331,
                    0.00011466699652373791,
                    0.00011483300477266312,
                    0.00011991700739599764,
                    0.00011587500921450555,
                    0.0001134999911300838,
                    0.00011579098645597696,
                    0.00011770802666433156,
                    0.00011779202031902969,
                    0.000117292016511783,
                    0.00011416699271649122,
                    0.00011687501682899892,
                    0.00011725001968443394,
                    0.00011370901484042406,
                    0.00011712501873262227,
                    0.00011625001206994057,
                    0.00011412499588914216,
                    0.00011629099026322365,
                    0.00011562500731088221,
                    0.00011333398288115859,
                    0.00011779199121519923,
                    0.00012383298599161208,
                    0.00011433300096541643,
                    0.00011591700604185462,
                    0.00011666701175272465,
                    0.00011304198415018618,
                    0.00011637501302175224,
                    0.00011604200699366629,
                    0.00011283298954367638,
                    0.00011537500540725887,
                    0.00011695799184963107,
                    0.00011287498637102544,
                    0.00011283298954367638,
                    0.00011766699026338756,
                    0.0001154160127043724,
                    0.00011408299906179309,
                    0.00011775002349168062,
                    0.00011458297376520932,
                    0.00011516700033098459,
                    0.0001203749852720648,
                    0.00011516700033098459,
                    0.0001142919936683029,
                    0.00011666599311865866,
                    0.00011666599311865866,
                    0.0001179169921670109,
                    0.00011150000500492752,
                    0.00011712498962879181,
                    0.00011466600699350238,
                    0.0001144580019172281,
                    0.00011562500731088221,
                    0.00011716599692590535,
                    0.00011424999684095383,
                    0.00030300000798888505,
                    0.0002176669950131327,
                    0.00014754102448932827,
                    0.0001314579858444631,
                    0.00012162499479018152,
                    0.0001230000052601099,
                    0.00011800002539530396,
                    0.00011662501492537558,
                    0.00012075001723133028,
                    0.00011904098209924996,
                    0.00011808300041593611,
                    0.00012062498717568815,
                    0.00011654201080091298,
                    0.00011945798178203404,
                    0.00011933300993405282,
                    0.00011741599882952869,
                    0.00011579101555980742,
                    0.00011970798368565738,
                    0.0001187919988296926,
                    0.00011687498772516847,
                    0.00011979200644418597,
                    0.00011645801714621484,
                    0.00011608298518694937,
                    0.0001195410150103271,
                    0.00011616598931141198,
                    0.00011533399811014533,
                    0.0001188750029541552,
                    0.00011670900858007371,
                    0.0001152500044554472,
                    0.00011837499914690852,
                    0.00011679198360070586,
                    0.00011500000255182385,
                    0.00011945798178203404,
                    0.00011845800327137113,
                    0.00011758299660868943,
                    0.00012000001152046025,
                    0.00011591700604185462,
                    0.00011833300231955945,
                    0.00011791702127084136,
                    0.00011470902245491743,
                    0.00011404199176467955,
                    0.00011891601025126874,
                    0.00011654198169708252,
                    0.00011533399811014533,
                    0.000120165990665555,
                    0.00011749999248422682,
                    0.00011699998867698014,
                    0.00011858399375341833,
                    0.00011641698074527085,
                    0.00011591700604185462,
                    0.0001195840013679117,
                    0.00011520800762809813,
                    0.0001158749801106751,
                    0.00011495899525471032,
                    0.00011720898328348994,
                    0.00011833300231955945,
                    0.00011504199937917292,
                    0.00011458300286903977,
                    0.00011816699407063425,
                    0.00011758299660868943,
                    0.00011570801143534482,
                    0.00011895800707861781,
                    0.00011600001016631722,
                    0.00011825002729892731,
                    0.00011683302000164986,
                    0.00011579200509004295,
                    0.00012000001152046025,
                    0.00011470800382085145,
                    0.00011399999493733048,
                    0.00011829199502244592,
                    0.00011599998106248677,
                    0.00011529101175256073,
                    0.00011787499533966184,
                    0.0001155420031864196,
                    0.00011383299715816975,
                    0.00011595801333896816,
                    0.00011629197979345918,
                    0.00011475000064820051,
                    0.00011520800762809813,
                    0.00011866699787788093,
                    0.00011604200699366629,
                    0.00011516700033098459,
                    0.00013012500130571425,
                    0.00011666698264889419,
                    0.00011870800517499447,
                    0.00012024998432025313,
                    0.00011600001016631722,
                    0.00011516700033098459,
                    0.00011937500676140189,
                    0.00011670798994600773,
                    0.00011466699652373791,
                    0.00011895797797478735,
                    0.00011620900477282703,
                    0.0001155420031864196,
                    0.00012145799701102078,
                    0.00011633301619440317,
                    0.00011491699842736125,
                    0.00011929101310670376,
                    0.00011616700794547796,
                    0.00011508300667628646,
                    0.0001176249934360385,
                    0.00011729099787771702,
                    0.00011508300667628646,
                    0.00011716599692590535,
                    0.00011741701746359468,
                    0.00011424999684095383,
                    0.00011799999629147351,
                    0.00011516700033098459,
                    0.00011395799810998142,
                    0.00011616598931141198,
                    0.00011808300041593611,
                    0.0001145839923992753,
                    0.0001137089857365936,
                    0.00011937500676140189,
                    0.00011504199937917292,
                    0.00011462499969638884,
                    0.00011575000826269388,
                    0.0001187919988296926,
                    0.0001153330085799098,
                    0.00011866699787788093,
                    0.0001180840190500021,
                    0.00011495800572447479,
                    0.00011333398288115859,
                    0.00011883300612680614,
                    0.00011537497630342841,
                    0.00011458300286903977,
                    0.00011787499533966184,
                    0.00011562500731088221,
                    0.00011387499398551881,
                    0.00011791600263677537,
                    0.0001161250111181289,
                    0.00011391699081286788,
                    0.00011683398042805493,
                    0.0001220419944729656,
                    0.00011412499588914216,
                    0.00011641698074527085,
                    0.00011624998296611011,
                    0.00011395802721381187,
                    0.00011650001397356391,
                    0.00011637501302175224,
                    0.00011337499017827213,
                    0.0001164170098491013,
                    0.0001161250111181289,
                    0.00011329198605380952,
                    0.0001160409883596003,
                    0.00011483300477266312,
                    0.00011312498827464879,
                    0.00011799999629147351,
                    0.00011558301048353314,
                    0.00011416702182032168,
                    0.0001143749977927655,
                    0.00011795799946412444,
                    0.00011504199937917292,
                    0.00011479199747554958,
                    0.0001167499867733568,
                    0.00011745799565687776,
                    0.00011470899335108697,
                    0.00011354201706126332,
                    0.00011720799375325441,
                    0.00011624998296611011,
                    0.00011395799810998142,
                    0.00011658298899419606,
                    0.00011600001016631722,
                    0.00011449999874457717,
                    0.00011804202222265303,
                    0.00011695802095346153,
                    0.0001149999734479934,
                    0.0001250829955097288,
                    0.00011870800517499447,
                    0.00011466600699350238,
                    0.00011866699787788093,
                    0.00011779202031902969,
                    0.00011824999819509685,
                    0.00011479199747554958,
                    0.00012000001152046025,
                    0.00011516700033098459,
                    0.00011454199557192624,
                    0.00011791600263677537,
                    0.00011729099787771702,
                    0.00011470797471702099,
                    0.00011787499533966184,
                    0.00011691602412611246,
                    0.00011474997154437006,
                    0.00011820899089798331,
                    0.00011512500350363553,
                    0.0001135829952545464,
                    0.00011820800136774778,
                    0.00011729198740795255,
                    0.00011491597979329526,
                    0.00011758302571251988,
                    0.00011745802476070821,
                    0.00011433300096541643,
                    0.00011850000009872019,
                    0.00011562500731088221,
                    0.00011370799620635808,
                    0.00011679099407047033,
                    0.0001177079975605011,
                    0.00011637498391792178,
                    0.00011487500160001218,
                    0.0001188750029541552,
                    0.00011645801714621484,
                    0.00011479199747554958,
                    0.00011704099597409368,
                    0.00011695799184963107,
                    0.00011529200128279626,
                    0.00011691701365634799,
                    0.00011729099787771702,
                    0.00011400002404116094,
                    0.0001170000177808106,
                    0.00011641698074527085,
                    0.0001143749977927655,
                    0.00011724999058060348,
                    0.00011816699407063425,
                    0.00011520800762809813,
                    0.00011441699462011456,
                    0.00011816600454039872,
                    0.0001161250111181289,
                    0.0001139590167440474,
                    0.00011779202031902969,
                    0.00011720799375325441,
                    0.00011491600889712572,
                    0.0001141660031862557,
                    0.00011891601025126874,
                    0.00011620900477282703,
                    0.0001145839923992753,
                    0.00011829199502244592,
                    0.00011491699842736125,
                    0.00011391701991669834,
                    0.00011662501492537558,
                    0.00011720799375325441,
                    0.00011470797471702099,
                    0.00011237501166760921,
                    0.00011658298899419606,
                    0.00011679198360070586,
                    0.00011691701365634799,
                    0.00011550000635907054,
                    0.0001167499867733568,
                    0.00011341599747538567,
                    0.00011283298954367638,
                    0.00011666602222248912,
                    0.00011487500160001218,
                    0.00011254200944676995,
                    0.00011229197843931615,
                    0.00011658400762826204,
                    0.00011287498637102544,
                    0.00011274998541921377,
                    0.00011495800572447479,
                    0.00011758398613892496,
                    0.00011354198795743287,
                    0.00011233400437049568,
                    0.00011724999058060348,
                    0.00011424999684095383,
                    0.00011345901293680072,
                    0.00011987501056864858,
                    0.00011579197598621249,
                    0.00011233400437049568,
                    0.00011758401524275541,
                    0.00011479097884148359,
                    0.00011187500786036253,
                    0.00011220897431485355,
                    0.00011837499914690852,
                    0.00011420800001360476,
                    0.00011295898002572358,
                    0.0001153330085799098,
                    0.00011775002349168062,
                    0.00011374999303370714,
                    0.00011691701365634799,
                    0.00011708401143550873,
                    0.00011416699271649122,
                    0.00011537500540725887,
                    0.0001177079975605011,
                    0.00011458300286903977,
                    0.0001170419855043292,
                    0.00011695799184963107,
                    0.00011408398859202862,
                    0.00011258301674388349,
                    0.00011866597924381495,
                    0.00011395898764021695,
                    0.00011316701420582831,
                    0.00011616700794547796,
                    0.00011754099978134036,
                    0.0001139590167440474,
                    0.00011249998351559043,
                    0.00011708299280144274,
                    0.00011466699652373791,
                    0.00011374999303370714,
                    0.00011616598931141198,
                    0.000116915995022282,
                    0.00011500000255182385,
                    0.00011749999248422682,
                    0.00011600001016631722,
                    0.0001142919936683029,
                    0.00011908300803042948,
                    0.00011512500350363553,
                    0.00011491699842736125,
                    0.0001168329908978194,
                    0.00011691701365634799,
                    0.00011633298709057271,
                    0.00011558301048353314,
                    0.00011829199502244592,
                    0.00011587500921450555,
                    0.00011379198986105621,
                    0.00011774999438785017,
                    0.00011574997915886343,
                    0.00011479199747554958,
                    0.00011716599692590535,
                    0.00011683398042805493,
                    0.00011391699081286788,
                    0.0001203749852720648,
                    0.0001161250111181289,
                    0.00011370799620635808,
                    0.00011954098590649664,
                    0.00011895800707861781,
                    0.00011850000009872019,
                    0.00011708299280144274,
                    0.0001134999911300838,
                    0.00011724999058060348,
                    0.00011516700033098459,
                    0.00011383299715816975,
                    0.00011804097448475659,
                    0.00011504100984893739,
                    0.00011370799620635808,
                    0.0001176249934360385,
                    0.00011487500160001218,
                    0.0001167499867733568,
                    0.00011837499914690852,
                    0.00011441699462011456,
                    0.00011666599311865866,
                    0.00011679099407047033,
                    0.00011449999874457717,
                    0.00011433300096541643,
                    0.0001192909840028733,
                    0.00011541700223460793,
                    0.00011541700223460793,
                    0.00012012501247227192,
                    0.00011824999819509685,
                    0.00011374999303370714,
                    0.00011245798668824136,
                    0.00012054099352099001,
                    0.00011575000826269388,
                    0.0001137500221375376,
                    0.000116915995022282,
                    0.00011541598360054195,
                    0.00011391701991669834,
                    0.00011866699787788093,
                    0.00011645900667645037,
                    0.00011362502118572593,
                    0.00011579200509004295,
                    0.00011741698835976422,
                    0.00011433300096541643,
                    0.00011841699597425759,
                    0.00011604200699366629,
                    0.00011370799620635808,
                    0.00011808398994617164,
                    0.00011454202467575669,
                    0.0001137500221375376,
                    0.00011637498391792178,
                    0.00011850000009872019,
                    0.00011483297566883266,
                    0.000117292016511783,
                    0.00011795799946412444,
                    0.00011583301238715649,
                    0.0001135829952545464,
                    0.00011854100739583373,
                    0.0001149999734479934,
                    0.00011337499017827213,
                    0.00011420800001360476,
                    0.00011866699787788093,
                    0.00011620798613876104,
                    0.00011541700223460793,
                    0.00011258298764005303,
                    0.00011900000390596688,
                    0.00011399999493733048,
                    0.00011204197653569281,
                    0.00011745898518711329,
                    0.00011345901293680072,
                    0.00011266701039858162,
                    0.00011670798994600773,
                    0.00011483399430289865,
                    0.00011354201706126332,
                    0.00011954200454056263,
                    0.00011512500350363553,
                    0.0001139590167440474,
                    0.0001181670231744647,
                    0.00011516700033098459,
                    0.00011333299335092306,
                    0.00011812499724328518,
                    0.00011679099407047033,
                    0.00011558400001376867,
                    0.00011816699407063425,
                    0.0001155420031864196,
                    0.0001143749977927655,
                    0.0001167499867733568,
                    0.0001170419855043292,
                    0.00011504100984893739,
                    0.00011387499398551881,
                    0.00011741698835976422,
                    0.0001143749977927655,
                    0.00011475000064820051,
                    0.00011558400001376867,
                    0.00011570801143534482,
                    0.00011358401388861239,
                    0.00011312498827464879,
                    0.00011608298518694937,
                    0.00011625001206994057,
                    0.00011429202277213335,
                    0.00011879100929945707,
                    0.00012154100113548338,
                    0.00012462498852983117,
                    0.00012849998893216252,
                    0.0001240840065293014,
                    0.000120165990665555,
                    0.00012933398829773068,
                    0.00011933298083022237,
                    0.00011362499208189547,
                    0.00011908300803042948,
                    0.00011541700223460793,
                    0.0001134999911300838,
                    0.00011941700358875096,
                    0.00011399999493733048,
                    0.0001134169870056212,
                    0.00011579101555980742,
                    0.00011750002158805728,
                    0.00011874997289851308,
                    0.00011504199937917292,
                    0.00011608400382101536,
                    0.00011520899715833366,
                    0.00011333398288115859,
                    0.00011708299280144274,
                    0.0001164170098491013,
                    0.00011725001968443394,
                    0.00011545800953172147,
                    0.00011374999303370714,
                    0.00011812499724328518,
                    0.00011637498391792178,
                    0.00011737499153241515,
                    0.00011720799375325441,
                    0.0001164170098491013,
                    0.00011362502118572593,
                    0.0001179169921670109,
                    0.00011516700033098459,
                    0.00011337499017827213,
                    0.00011704099597409368,
                    0.00011670801904983819,
                    0.00011479202657938004,
                    0.00011745802476070821,
                    0.00011495899525471032,
                    0.00011529200128279626,
                    0.00012020798749290407,
                    0.00011620798613876104,
                    0.00011695802095346153,
                    0.00011862497194670141,
                    0.00011891699978150427,
                    0.00011620900477282703,
                    0.00011866699787788093,
                    0.00011854100739583373,
                    0.00011412499588914216,
                    0.00011704201460815966,
                    0.00011645897757261992,
                    0.00011374999303370714,
                    0.00011699998867698014,
                    0.00011779199121519923,
                    0.00011391699081286788,
                    0.00011816699407063425,
                    0.00011466699652373791,
                    0.00011320898192934692,
                    0.00011320799239911139,
                    0.00011962500866502523,
                    0.00011479097884148359,
                    0.00011408398859202862,
                    0.00011366698890924454,
                    0.00011650001397356391,
                    0.00011641599121503532,
                    0.00011466600699350238,
                    0.00011754201841540635,
                    0.00011658400762826204,
                    0.0001142919936683029,
                    0.0001187919988296926,
                    0.00011799999629147351,
                    0.00011512500350363553,
                    0.00011862500105053186,
                    0.00011837499914690852,
                    0.00011516700033098459,
                    0.00011945900041610003,
                    0.00011529200128279626,
                    0.00011379198986105621,
                    0.00011691698455251753,
                    0.00011754198931157589,
                    0.0001153330085799098,
                    0.00011908399756066501,
                    0.00011741602793335915,
                    0.00011449999874457717,
                    0.00011383401579223573,
                    0.00011808398994617164,
                    0.00011541700223460793,
                    0.00011387499398551881,
                    0.00011795799946412444
                ],
                "iterations": 1
            }
        },
        {
            "group": null,
            "name": "test_service_list_p95_under_80ms",
            "fullname": "03-development/tests/test_perf_benchmarks.py::test_service_list_p95_under_80ms",
            "params": null,
            "param": null,
            "extra_info": {},
            "options": {
                "disable_gc": true,
                "timer": "perf_counter",
                "min_rounds": 5,
                "max_time": 1.0,
                "min_time": 5e-06,
                "warmup": false
            },
            "stats": {
                "min": 0.0005692500271834433,
                "max": 0.0011430419981479645,
                "mean": 0.0006949391237247099,
                "stddev": 8.66576478442547e-05,
                "rounds": 1161,
                "median": 0.0006819590053055435,
                "iqr": 9.035473340190947e-05,
                "q1": 0.0006388332549249753,
                "q3": 0.0007291879883268848,
                "iqr_outliers": 56,
                "stddev_outliers": 270,
                "outliers": "270;56",
                "ld15iqr": 0.0005692500271834433,
                "hd15iqr": 0.000865459005581215,
                "ops": 1438.9749632172607,
                "total": 0.8068243226443883,
                "data": [
                    0.0007365840137936175,
                    0.0006856660183984786,
                    0.0006565420189872384,
                    0.0006422920268960297,
                    0.0007003330101724714,
                    0.0006944170163478702,
                    0.000902708008652553,
                    0.0007599169912282377,
                    0.0006447500200010836,
                    0.0006057090067770332,
                    0.0005944169824942946,
                    0.0005863329861313105,
                    0.000589667004533112,
                    0.0005841660022269934,
                    0.0006388750043697655,
                    0.0006208340055309236,
                    0.0005941659910604358,
                    0.0006071660027373582,
                    0.0006012090016156435,
                    0.0005896660150028765,
                    0.0005771249998360872,
                    0.0005789580172859132,
                    0.0005856249772477895,
                    0.0005784590030089021,
                    0.000583125016419217,
                    0.0005834999901708215,
                    0.0005991660000290722,
                    0.0005807910056319088,
                    0.0005811250011902303,
                    0.0005867920117452741,
                    0.0005859999801032245,
                    0.0005879160016775131,
                    0.0005899170064367354,
                    0.000600875006057322,
                    0.00061570800608024,
                    0.0005967499746475369,
                    0.0005913330242037773,
                    0.000599374994635582,
                    0.0005942500138189644,
                    0.0010436250013299286,
                    0.0009580420155543834,
                    0.000836499995784834,
                    0.0007657919777557254,
                    0.0007061669894028455,
                    0.0007013750146143138,
                    0.0006975000142119825,
                    0.000691332999849692,
                    0.0006748750165570527,
                    0.0006707090069539845,
                    0.0006757500232197344,
                    0.0006825840100646019,
                    0.0006889170035719872,
                    0.0006790829938836396,
                    0.000676875002682209,
                    0.0006452499947044998,
                    0.0006634999881498516,
                    0.0006638329941779375,
                    0.0006691669987048954,
                    0.0008407080022152513,
                    0.000777459004893899,
                    0.0007115829794202,
                    0.0006934170087333769,
                    0.0006640409992542118,
                    0.0007267500041052699,
                    0.0010375420097261667,
                    0.0008308750111609697,
                    0.0007587090076413006,
                    0.0007056670146994293,
                    0.0006955419958103448,
                    0.0007476249884348363,
                    0.0007476249884348363,
                    0.0006888749776408076,
                    0.0006706250132992864,
                    0.0006854590028524399,
                    0.0006864170136395842,
                    0.0006698329816572368,
                    0.0006777079834137112,
                    0.000677625008393079,
                    0.0007160420063883066,
                    0.0007251670176628977,
                    0.0007445829978678375,
                    0.0007503329834435135,
                    0.0007448329997714609,
                    0.0007190409814938903,
                    0.0006810410122852772,
                    0.0006533749983645976,
                    0.0006326660222839564,
                    0.0006248329882510006,
                    0.0006207090045791119,
                    0.0006153339927550405,
                    0.0006265000265557319,
                    0.0006053330143913627,
                    0.0006188749975990504,
                    0.0006252920138649642,
                    0.0006522909970954061,
                    0.000647542008664459,
                    0.0006616249738726765,
                    0.0006447909981943667,
                    0.0006337499944493175,
                    0.0006364169821608812,
                    0.0006241250084713101,
                    0.0007021250203251839,
                    0.0007154589984565973,
                    0.0007075409812387079,
                    0.0007152080070227385,
                    0.000702958001056686,
                    0.0006590830162167549,
                    0.0006525840144604445,
                    0.0006861670117359608,
                    0.0006999580073170364,
                    0.0007235000084619969,
                    0.0006830409984104335,
                    0.0006553749844897538,
                    0.0006673749885521829,
                    0.0006867089832667261,
                    0.0006752089830115438,
                    0.0006777920061722398,
                    0.0006684580002911389,
                    0.0007017079915385693,
                    0.0007031670247670263,
                    0.000673625007038936,
                    0.000664250022964552,
                    0.0006650830036960542,
                    0.0006714579940307885,
                    0.0007391249819193035,
                    0.0009673750028014183,
                    0.0007829579990357161,
                    0.0007331670203711838,
                    0.0007728750060778111,
                    0.0009831659845076501,
                    0.0007462500070687383,
                    0.0006872499943710864,
                    0.0006678749923594296,
                    0.0006581250054296106,
                    0.0006580000044777989,
                    0.000635291013168171,
                    0.000685499981045723,
                    0.0007061249925754964,
                    0.0006935420096851885,
                    0.0007084999815560877,
                    0.0006975419819355011,
                    0.0007003339997027069,
                    0.000697459006914869,
                    0.0007067080005072057,
                    0.0006837910041213036,
                    0.0006458749994635582,
                    0.0006418330012820661,
                    0.0006419160054065287,
                    0.0006350830080918968,
                    0.0006328340095933527,
                    0.0006468749779742211,
                    0.0006510830135084689,
                    0.0006510420062113553,
                    0.0006727080035489053,
                    0.0006915839912835509,
                    0.0006657920021098107,
                    0.0006516250141430646,
                    0.0006532920233439654,
                    0.0006409170164261013,
                    0.000684124999679625,
                    0.0006563749921042472,
                    0.0006425419996958226,
                    0.0006719579978380352,
                    0.000673250004183501,
                    0.0006774169742129743,
                    0.0006830839847680181,
                    0.0007098749920260161,
                    0.0007275829848367721,
                    0.0009919579897541553,
                    0.0008583749877288938,
                    0.000781459006248042,
                    0.0006954579730518162,
                    0.0006899999862071127,
                    0.0006758749950677156,
                    0.0007037499744910747,
                    0.0008520839910488576,
                    0.000746708014048636,
                    0.0007397920126095414,
                    0.0007650839979760349,
                    0.000789457990322262,
                    0.000772041006712243,
                    0.0007304160099010915,
                    0.0007070830033626407,
                    0.0006626670074183494,
                    0.000661666999803856,
                    0.0006411669892258942,
                    0.0006456249975599349,
                    0.0006456669943872839,
                    0.0006499159790109843,
                    0.0006638329941779375,
                    0.0007213749922811985,
                    0.0007562499959021807,
                    0.0007626670121680945,
                    0.0008030000026337802,
                    0.0008152919763233513,
                    0.0009065830090548843,
                    0.0009767499868758023,
                    0.0008058329985942692,
                    0.0007645829755347222,
                    0.0007485410023946315,
                    0.0007066660036798567,
                    0.0007045830134302378,
                    0.0007092080195434391,
                    0.0007595419883728027,
                    0.0006810420018155128,
                    0.0007068749982863665,
                    0.0007125000120140612,
                    0.0007083750097081065,
                    0.0006576250016223639,
                    0.0006610840209759772,
                    0.0006722499965690076,
                    0.0006400409911293536,
                    0.0006331659969873726,
                    0.0006266660057008266,
                    0.0006282499816734344,
                    0.0006464580073952675,
                    0.0006314580095931888,
                    0.0006218330236151814,
                    0.0006304580019786954,
                    0.0006282920076046139,
                    0.0006166660168673843,
                    0.0006351659831125289,
                    0.0006256670167203993,
                    0.0006409999914467335,
                    0.000621457991655916,
                    0.0006099170132074505,
                    0.000601250008912757,
                    0.0006070839881431311,
                    0.0006159589975140989,
                    0.0006345830042846501,
                    0.0006307080038823187,
                    0.000611374998698011,
                    0.0006099579914007336,
                    0.0006070829986128956,
                    0.0006095420103520155,
                    0.0006219169881660491,
                    0.0006397909892257303,
                    0.0006255829939618707,
                    0.0006267499993555248,
                    0.0006244579853955656,
                    0.0006298749940469861,
                    0.0006319169769994915,
                    0.0006462910096161067,
                    0.0006418749981094152,
                    0.0006766250007785857,
                    0.0006716249918099493,
                    0.0006997500022407621,
                    0.0007072919979691505,
                    0.0007482499931938946,
                    0.0007419579778797925,
                    0.0007247909961733967,
                    0.0007632909982930869,
                    0.0007765409827698022,
                    0.0007340000011026859,
                    0.0007484579982701689,
                    0.0010556250053923577,
                    0.0008094579970929772,
                    0.0007795410056132823,
                    0.0007692920044064522,
                    0.0008213329710997641,
                    0.0007525830005761236,
                    0.0006982499908190221,
                    0.0007302500016521662,
                    0.0007067910046316683,
                    0.0008454589988104999,
                    0.0008497920061927289,
                    0.0007869589899200946,
                    0.0007541249797213823,
                    0.0007286659965757281,
                    0.0007164579874370247,
                    0.0007512919837608933,
                    0.000726790982298553,
                    0.0007529589929617941,
                    0.0007649579783901572,
                    0.0007091669831424952,
                    0.0008514169894624501,
                    0.0009446670010220259,
                    0.0008183329773601145,
                    0.0008077920065261424,
                    0.0007876250019762665,
                    0.0007590830209665,
                    0.0007140420202631503,
                    0.000722083990694955,
                    0.0006928749789949507,
                    0.000697457988280803,
                    0.0006843339942861348,
                    0.0006422909791581333,
                    0.0006999580073170364,
                    0.0008097909740172327,
                    0.0009774999925866723,
                    0.0008068750030361116,
                    0.0007425420044455677,
                    0.000729666993720457,
                    0.0007131670136004686,
                    0.0007263339939527214,
                    0.0007463749789167196,
                    0.0007739590073470026,
                    0.0007290839857887477,
                    0.000688833009917289,
                    0.0007204580178949982,
                    0.0006878329731989652,
                    0.0006782920099794865,
                    0.000670375011395663,
                    0.0006451250228565186,
                    0.0006506670033559203,
                    0.0006464160105679184,
                    0.0006459169962909073,
                    0.000698582996847108,
                    0.000872667005751282,
                    0.0006738749798387289,
                    0.0006355830118991435,
                    0.0006202920048963279,
                    0.0006244999822229147,
                    0.0006299169908743352,
                    0.0006458330026362091,
                    0.0006361669802572578,
                    0.0006136249867267907,
                    0.0006260419904720038,
                    0.0006237500056158751,
                    0.0006347079761326313,
                    0.0006694170006085187,
                    0.0006598340114578605,
                    0.0006029169890098274,
                    0.0006003329763188958,
                    0.0005920419935137033,
                    0.0005938330141361803,
                    0.0005930420011281967,
                    0.0005964580050203949,
                    0.0005976249813102186,
                    0.0006009170028846711,
                    0.0005973749794065952,
                    0.0005919160030316561,
                    0.0006015829858370125,
                    0.0005966669996269047,
                    0.0006130000110715628,
                    0.0006072499963920563,
                    0.0005967500037513673,
                    0.0006032919918652624,
                    0.0006098750163801014,
                    0.0006377499958034605,
                    0.0006291249883361161,
                    0.000639957987004891,
                    0.0006212499865796417,
                    0.0006162910140119493,
                    0.000616374978562817,
                    0.0006136249867267907,
                    0.0006108329980634153,
                    0.0006245000113267452,
                    0.000632041017524898,
                    0.0006308329757303,
                    0.0006221670191735029,
                    0.000614249991485849,
                    0.000620083010289818,
                    0.0006147499952930957,
                    0.0006194169982336462,
                    0.0006284999835770577,
                    0.0006143749924376607,
                    0.000606999994488433,
                    0.000635584001429379,
                    0.0006548750097863376,
                    0.0006317500083241612,
                    0.0006420419958885759,
                    0.0006409169873222709,
                    0.0006498330039903522,
                    0.0006485000194516033,
                    0.0006646660040132701,
                    0.0006564169889315963,
                    0.0006360409897752106,
                    0.0006272080063354224,
                    0.0006348330061882734,
                    0.000666000007186085,
                    0.0006592919817194343,
                    0.0006347080052364618,
                    0.0006263749965000898,
                    0.0006187079998198897,
                    0.0006144999933894724,
                    0.0006144589860923588,
                    0.0006306660070549697,
                    0.0006355419754981995,
                    0.0006467500061262399,
                    0.0006457499985117465,
                    0.0006386660097632557,
                    0.0006452079978771508,
                    0.0006821249844506383,
                    0.0006710829911753535,
                    0.0006590829871129245,
                    0.0007476670143660158,
                    0.001043124997522682,
                    0.0009070420055650175,
                    0.0009242499945685267,
                    0.000866167014464736,
                    0.0007902089855633676,
                    0.0007443329959642142,
                    0.0006995829753577709,
                    0.0008112920040730387,
                    0.0008434999908786267,
                    0.0007993750041350722,
                    0.0007655840017832816,
                    0.0008191660162992775,
                    0.0008020420209504664,
                    0.0010072079894598573,
                    0.0008050829928833991,
                    0.0007322080200538039,
                    0.0007118750072550029,
                    0.000719915988156572,
                    0.000702916004229337,
                    0.000711957982275635,
                    0.0007135409978218377,
                    0.0006953749980311841,
                    0.0006622500077355653,
                    0.0006850000063423067,
                    0.0007172499899752438,
                    0.0007068749982863665,
                    0.0006976670119911432,
                    0.000674999988405034,
                    0.0006744579877704382,
                    0.0006658750062342733,
                    0.0006752910267096013,
                    0.000644665997242555,
                    0.0006371250201482326,
                    0.0006257500208448619,
                    0.000637791003100574,
                    0.0006487919890787452,
                    0.0006439579883590341,
                    0.0006545000069309026,
                    0.000645417021587491,
                    0.0006397500110324472,
                    0.0007092079904396087,
                    0.000741625000955537,
                    0.0009894160029944032,
                    0.0007592919864691794,
                    0.0007068339909892529,
                    0.0006947920192033052,
                    0.0006754170171916485,
                    0.0006462919991463423,
                    0.000701082986779511,
                    0.0007003330101724714,
                    0.0007106249977368861,
                    0.0008641660097055137,
                    0.0008864160045050085,
                    0.0009493340039625764,
                    0.0007782919856254011,
                    0.0007642080017831177,
                    0.0007707079930696636,
                    0.0007376249996013939,
                    0.0007132910250220448,
                    0.000749958009691909,
                    0.0007645000005140901,
                    0.0006998750031925738,
                    0.0007191249751485884,
                    0.0007401249895337969,
                    0.0007195000071078539,
                    0.0006700830126646906,
                    0.0011005840206053108,
                    0.0009117909939959645,
                    0.0008206670172512531,
                    0.0007741670124232769,
                    0.0007505829853471369,
                    0.0007465000089723617,
                    0.0007080000068526715,
                    0.0006785409932490438,
                    0.0006976670119911432,
                    0.0007017499883659184,
                    0.0006590419798158109,
                    0.0006490829982794821,
                    0.0006669590075034648,
                    0.0006718339864164591,
                    0.000685499981045723,
                    0.0007041249773465097,
                    0.0007305830076802522,
                    0.0007274590025190264,
                    0.0006839169946033508,
                    0.0006815000087954104,
                    0.0006968340021558106,
                    0.0006909160001669079,
                    0.0006830829952377826,
                    0.0006603749934583902,
                    0.0006667079869657755,
                    0.0007034580048639327,
                    0.000721417018212378,
                    0.0008219160081353039,
                    0.000972250010818243,
                    0.0008366249967366457,
                    0.0008308749820571393,
                    0.0008013330225367099,
                    0.0007930000138003379,
                    0.0007933749875519425,
                    0.0007371659739874303,
                    0.000778957997681573,
                    0.0007802920008543879,
                    0.000865459005581215,
                    0.0008832500025164336,
                    0.000896208017366007,
                    0.0009717500070109963,
                    0.0008306659874506295,
                    0.0007388749800156802,
                    0.0007225839945022017,
                    0.00082712501171045,
                    0.0007025000231806189,
                    0.0006930420058779418,
                    0.000706541002728045,
                    0.0007147500000428408,
                    0.0007064999954309314,
                    0.0007363330223597586,
                    0.0007390410173684359,
                    0.0007681249990127981,
                    0.000777082983404398,
                    0.0007814159907866269,
                    0.0010809160012286156,
                    0.0008367089903913438,
                    0.0007478340121451765,
                    0.0007254999945871532,
                    0.0007501250074710697,
                    0.0007488330011256039,
                    0.0007192909833975136,
                    0.0006989169924054295,
                    0.0006608749972656369,
                    0.0006456669943872839,
                    0.0006172079883981496,
                    0.0006328329909592867,
                    0.0006298749940469861,
                    0.0006272919999901205,
                    0.0006657080084551126,
                    0.0007037079776637256,
                    0.0007004580111242831,
                    0.0006856670079287142,
                    0.0006754590140189976,
                    0.0006771670014131814,
                    0.0006630000134464353,
                    0.0006491669919341803,
                    0.0006781249830964953,
                    0.0006299999949987978,
                    0.0006918750004842877,
                    0.0007320420118048787,
                    0.0007317500130739063,
                    0.0007278330158442259,
                    0.0009492920071352273,
                    0.0007679170230403543,
                    0.0006807500030845404,
                    0.0006629999843426049,
                    0.0006427500047720969,
                    0.0006653330055996776,
                    0.0006932909891474992,
                    0.0006830419879406691,
                    0.0007016669842414558,
                    0.0007209169853013009,
                    0.0007659170078113675,
                    0.0007582500111311674,
                    0.0007087909907568246,
                    0.0008521249983459711,
                    0.0008800420037005097,
                    0.0007975840126164258,
                    0.0007662500138394535,
                    0.0007825419888831675,
                    0.0008068750030361116,
                    0.0007767500064801425,
                    0.0007569580047857016,
                    0.0007418330060318112,
                    0.0007277920085471123,
                    0.0007206250156741589,
                    0.0007775420090183616,
                    0.0007072500011418015,
                    0.0006887500057928264,
                    0.0006765419966541231,
                    0.0008718330063857138,
                    0.0008758750045672059,
                    0.0007498329796362668,
                    0.0007062919903546572,
                    0.0006930419767741114,
                    0.0006569999968633056,
                    0.0006665409891866148,
                    0.0006562079943250865,
                    0.000637040997389704,
                    0.0006414999952539802,
                    0.0006417080003302544,
                    0.0006641249929089099,
                    0.0006839159759692848,
                    0.0006847920012660325,
                    0.0006962080078665167,
                    0.0007020419870968908,
                    0.0007287499902304262,
                    0.0007190839969553053,
                    0.0007001660123933107,
                    0.0006920000014360994,
                    0.0007189169991761446,
                    0.0007259999983943999,
                    0.0007162910187616944,
                    0.0007077080081216991,
                    0.000692083005560562,
                    0.0006966250075493008,
                    0.000727917009498924,
                    0.0007455419981852174,
                    0.0007188330055214465,
                    0.0006907080241944641,
                    0.0006857080152258277,
                    0.0006996250012889504,
                    0.0006987499946262687,
                    0.0006798749964218587,
                    0.0006759169918950647,
                    0.0006822920113336295,
                    0.0006806669989600778,
                    0.0006959169986657798,
                    0.000697834009770304,
                    0.0006875000253785402,
                    0.0006768339953850955,
                    0.0006595829909201711,
                    0.000697499985108152,
                    0.0007068339909892529,
                    0.0006847089971415699,
                    0.0006794159999117255,
                    0.000686957995640114,
                    0.0007140420202631503,
                    0.0006946670182514936,
                    0.0007334999972954392,
                    0.0006849580095149577,
                    0.0006500410090666264,
                    0.0006223329983185977,
                    0.00062616600189358,
                    0.0006280409870669246,
                    0.0006087920046411455,
                    0.0006162080098874867,
                    0.0006364999862853438,
                    0.0006457919953390956,
                    0.0006483749893959612,
                    0.0006531670223921537,
                    0.0006416669930331409,
                    0.0006387080065906048,
                    0.0006402079889085144,
                    0.0006284999835770577,
                    0.0006361659907270223,
                    0.0006311250035651028,
                    0.0006255409971345216,
                    0.0006329169846139848,
                    0.0006449999928008765,
                    0.0006277909851633012,
                    0.0006640409992542118,
                    0.0006484999903477728,
                    0.000643582985503599,
                    0.0006460000004153699,
                    0.000648958986857906,
                    0.0006532910047098994,
                    0.0006799159746151417,
                    0.0006592500139959157,
                    0.0006371659983415157,
                    0.000647542008664459,
                    0.0006675419863313437,
                    0.0006674159958492965,
                    0.0006668749847449362,
                    0.0006567079981323332,
                    0.0006578330066986382,
                    0.0006570839905180037,
                    0.0006632499862462282,
                    0.0007036250026430935,
                    0.0010337919811718166,
                    0.0007695829845033586,
                    0.0006992919952608645,
                    0.0006882500019855797,
                    0.0006756249931640923,
                    0.0007236250094138086,
                    0.0007132919854484499,
                    0.0007249999907799065,
                    0.0007095419859979302,
                    0.0007079159840941429,
                    0.0007137079956009984,
                    0.0007226250017993152,
                    0.0007148330041673034,
                    0.0007068340200930834,
                    0.0007272090006154031,
                    0.000847332994453609,
                    0.0010215000074822456,
                    0.0007668329926673323,
                    0.0007157909858506173,
                    0.0007023749931249768,
                    0.0007045829843264073,
                    0.0007482499931938946,
                    0.0007283329905476421,
                    0.0007126250129658729,
                    0.000693874986609444,
                    0.0006800420233048499,
                    0.0006482079916168004,
                    0.0006507500074803829,
                    0.0006557079905178398,
                    0.0006376669916789979,
                    0.0006159159820526838,
                    0.0006486249912995845,
                    0.0006485829944722354,
                    0.0006080839957576245,
                    0.0005927919992245734,
                    0.0005938330141361803,
                    0.0005879579985048622,
                    0.0005884580023121089,
                    0.0005894580099266022,
                    0.0005738339968957007,
                    0.0005761250213254243,
                    0.0005747500108554959,
                    0.0005719589826185256,
                    0.0005859999801032245,
                    0.0005807499983347952,
                    0.0005821670056320727,
                    0.0005989580240566283,
                    0.0005929999751970172,
                    0.0005834170151501894,
                    0.0005766249960288405,
                    0.0005745420057792217,
                    0.0005944999866187572,
                    0.0005881249962840229,
                    0.0005891249747946858,
                    0.000591083022300154,
                    0.0005884170241188258,
                    0.0005865830171387643,
                    0.0005868750158697367,
                    0.0005950409977231175,
                    0.0005876669893041253,
                    0.0005848330038134009,
                    0.0005882500263396651,
                    0.0006060000159777701,
                    0.0006034169928170741,
                    0.0005937920068390667,
                    0.0006118339952081442,
                    0.00060374999884516,
                    0.0005861670069862157,
                    0.0005902499833609909,
                    0.0005924580036662519,
                    0.0005992919905111194,
                    0.0005926249723415822,
                    0.0005954590160399675,
                    0.0005954999942332506,
                    0.0005876659997738898,
                    0.0005867090076208115,
                    0.0005964170268271118,
                    0.0005927919992245734,
                    0.0005919169925618917,
                    0.0005895409849472344,
                    0.0010744589962996542,
                    0.0010920839849859476,
                    0.0008712499984540045,
                    0.0008054169884417206,
                    0.0007613750058226287,
                    0.0007439579931087792,
                    0.0007558749930467457,
                    0.0007150000019464642,
                    0.0007263339939527214,
                    0.0007066670223139226,
                    0.0007157920044846833,
                    0.0007102499948814511,
                    0.0009430829959455878,
                    0.0009532499825581908,
                    0.0008048749878071249,
                    0.0007816250144969672,
                    0.000735542009351775,
                    0.0007668340113013983,
                    0.0007425420044455677,
                    0.000675458024488762,
                    0.0006545410142280161,
                    0.0006507090001832694,
                    0.000642166007310152,
                    0.0006498750008177012,
                    0.000643542007310316,
                    0.0006421250000130385,
                    0.0006422500009648502,
                    0.0006502500036731362,
                    0.0006595420127268881,
                    0.0006573749997187406,
                    0.0006494169938378036,
                    0.0006495420238934457,
                    0.0006807919999118894,
                    0.0006770840263925493,
                    0.0006637499900534749,
                    0.0006530419923365116,
                    0.0006404169835150242,
                    0.0006447089836001396,
                    0.0006765419966541231,
                    0.0006617910112254322,
                    0.0006547079829033464,
                    0.0006680829974357039,
                    0.0006677079945802689,
                    0.0006957919977139682,
                    0.0008800000068731606,
                    0.0006782920099794865,
                    0.000611374998698011,
                    0.0005890000029467046,
                    0.0005952499923296273,
                    0.0005868329899385571,
                    0.0005819590005557984,
                    0.000577333994442597,
                    0.0005905000143684447,
                    0.0005948329926468432,
                    0.0005905829893890768,
                    0.0005924589931964874,
                    0.0005914159992244095,
                    0.0005922919954173267,
                    0.0005879169912077487,
                    0.0005814579781144857,
                    0.0005974170053377748,
                    0.0005859579832758754,
                    0.0005887500010430813,
                    0.0005917079979553819,
                    0.0006195000023581088,
                    0.0006211670115590096,
                    0.0005961659771855921,
                    0.0005890000029467046,
                    0.0005846249987371266,
                    0.0005793749878648669,
                    0.0005962910072412342,
                    0.0005838329961989075,
                    0.0005880840180907398,
                    0.0005927500023972243,
                    0.0005937909882050008,
                    0.0006020000146236271,
                    0.0005870840104762465,
                    0.0010580410016700625,
                    0.000887125002918765,
                    0.0007133749895729125,
                    0.0006847500044386834,
                    0.0006458330026362091,
                    0.0006295409984886646,
                    0.0006256249907892197,
                    0.0006222500232979655,
                    0.0006216669862624258,
                    0.0006361659907270223,
                    0.0006577080057468265,
                    0.0006596670136786997,
                    0.0006490410014521331,
                    0.0006360840052366257,
                    0.0006504999764729291,
                    0.0007705419848207384,
                    0.0008258750021923333,
                    0.0007461670029442757,
                    0.0006914999976288527,
                    0.0006790420156903565,
                    0.0009019169956445694,
                    0.000977999996393919,
                    0.0008116250101011246,
                    0.0007460410124622285,
                    0.0007193339988589287,
                    0.0007180829998105764,
                    0.0007276250107679516,
                    0.0007237500103656203,
                    0.001006249978672713,
                    0.0008504999859724194,
                    0.0007796659774612635,
                    0.0007306250045076013,
                    0.0007225839945022017,
                    0.0006999170000199229,
                    0.0007247910252772272,
                    0.0007254589872900397,
                    0.0007294999959412962,
                    0.0007265409803949296,
                    0.00106712500564754,
                    0.0008415000047534704,
                    0.0007897919858805835,
                    0.0007663329888600856,
                    0.0007615410140715539,
                    0.00077420799061656,
                    0.0007363749900832772,
                    0.0007171659963205457,
                    0.0007494169985875487,
                    0.0007509580173064023,
                    0.0007064579986035824,
                    0.0007041250064503402,
                    0.0007022500212769955,
                    0.0006957910081837326,
                    0.0006947079964447767,
                    0.0007265839958563447,
                    0.0007562079990748316,
                    0.0007343330071307719,
                    0.0007169579912442714,
                    0.0006880420260131359,
                    0.0007057920156512409,
                    0.0006954999989829957,
                    0.0007088340062182397,
                    0.0007028749969322234,
                    0.0006838330009486526,
                    0.0006982499908190221,
                    0.0007072919979691505,
                    0.0007177090155892074,
                    0.0006613750010728836,
                    0.0006671669834759086,
                    0.0006682919920422137,
                    0.000642832979792729,
                    0.0006563749921042472,
                    0.0006514170090667903,
                    0.0006436670082621276,
                    0.0006376249948516488,
                    0.0006299160013440996,
                    0.0006253329920582473,
                    0.0006133330170996487,
                    0.0006112499977461994,
                    0.0006049590010661632,
                    0.0006337089871522039,
                    0.000653291994240135,
                    0.0006575830047950149,
                    0.0006285419804044068,
                    0.0006409999914467335,
                    0.0006819590053055435,
                    0.0007013750146143138,
                    0.0007187910086940974,
                    0.0007320839795283973,
                    0.0007263330044224858,
                    0.0007210410258267075,
                    0.0006975420110393316,
                    0.0006998750031925738,
                    0.0007201250118669122,
                    0.0007332079985644668,
                    0.0006930829840712249,
                    0.0006988749955780804,
                    0.0007059999916236848,
                    0.0007240409904625267,
                    0.0007529160066042095,
                    0.000691334018483758,
                    0.0006893750105518848,
                    0.0006936250138096511,
                    0.0007027090177871287,
                    0.0006814580119680613,
                    0.0006664590036962181,
                    0.0007445410010404885,
                    0.0007472920115105808,
                    0.000753958011046052,
                    0.0007580829842481762,
                    0.0007577910146210343,
                    0.0007660420087631792,
                    0.0007313750102184713,
                    0.0007419169996865094,
                    0.0007064169913064688,
                    0.0006852090009488165,
                    0.0006521669856738299,
                    0.0006461250013671815,
                    0.0006358339742291719,
                    0.0006408339831978083,
                    0.00064245899557136,
                    0.0006532080005854368,
                    0.0006684170220978558,
                    0.0006661670049652457,
                    0.000659167009871453,
                    0.0006407919863704592,
                    0.0006473749817814678,
                    0.0006405000167433172,
                    0.0006554170104209334,
                    0.0006507080106530339,
                    0.0006252089806366712,
                    0.0006237909838091582,
                    0.0006594170117750764,
                    0.0006364170112647116,
                    0.000649665977107361,
                    0.0006692089955322444,
                    0.0006577500025741756,
                    0.0006503330077975988,
                    0.0006683329993393272,
                    0.0006439169810619205,
                    0.0006546250078827143,
                    0.0006567499949596822,
                    0.000669625005684793,
                    0.0007186250004451722,
                    0.0006867499905638397,
                    0.0006866669864393771,
                    0.0006945839850232005,
                    0.0006995419971644878,
                    0.0007350410160142928,
                    0.0007084580138325691,
                    0.0007176249928306788,
                    0.0006766250007785857,
                    0.0006632499862462282,
                    0.0006518329901155084,
                    0.0006460000004153699,
                    0.000637791003100574,
                    0.0006275839987210929,
                    0.0006253339815884829,
                    0.0006564579962287098,
                    0.0006625000096391886,
                    0.0006595840095542371,
                    0.0006727080035489053,
                    0.0006520829920191318,
                    0.0006504580087494105,
                    0.0006533749983645976,
                    0.0006376249948516488,
                    0.000634833995718509,
                    0.0006679580255877227,
                    0.0006914589903317392,
                    0.0006770420004613698,
                    0.0006941670144442469,
                    0.0007139579975046217,
                    0.000693916023010388,
                    0.0006965840002521873,
                    0.0006597079918719828,
                    0.0007018749893177301,
                    0.0007252920186147094,
                    0.0007465410162694752,
                    0.0007285840110853314,
                    0.0007659579860046506,
                    0.0007531659794040024,
                    0.0007527080015279353,
                    0.0007785839843563735,
                    0.0007172909972723573,
                    0.00072975002694875,
                    0.000751416984712705,
                    0.0007419160101562738,
                    0.000736250018235296,
                    0.0007636250229552388,
                    0.0007496670004911721,
                    0.0007319590076804161,
                    0.0007110829756129533,
                    0.0007281670114025474,
                    0.0007381660107057542,
                    0.0007125419797375798,
                    0.0006838749977760017,
                    0.0006640000210609287,
                    0.0006577500025741756,
                    0.0006417499971576035,
                    0.0006465839978773147,
                    0.0006392500072252005,
                    0.0010030419798567891,
                    0.0006585000082850456,
                    0.0006297080253716558,
                    0.0006239580106921494,
                    0.000625082990154624,
                    0.0006118330056779087,
                    0.0005978749832138419,
                    0.000604125001700595,
                    0.0006013339734636247,
                    0.0005915829970035702,
                    0.0005922499985899776,
                    0.000596124998992309,
                    0.000600125000346452,
                    0.0006077910074964166,
                    0.000598999991780147,
                    0.0005942920106463134,
                    0.0005927089951001108,
                    0.0005899170064367354,
                    0.0005970420024823397,
                    0.0006068329967092723,
                    0.0007010419794823974,
                    0.0007550829905085266,
                    0.0007080420036800206,
                    0.0006891250086482614,
                    0.000694249989464879,
                    0.0007283749873749912,
                    0.0007272090006154031,
                    0.000754000007873401,
                    0.0007473340083379298,
                    0.0007363329932559282,
                    0.0009657499904278666,
                    0.0008077919774223119,
                    0.0007270000060088933,
                    0.0009215419995598495,
                    0.0008039580134209245,
                    0.0007727089978288859,
                    0.0007385420030914247,
                    0.000752874999307096,
                    0.0007883750076871365,
                    0.0006977910234127194,
                    0.0007013750146143138,
                    0.0006809160113334656,
                    0.0006715839845128357,
                    0.000666666979668662,
                    0.0006474590045399964,
                    0.0006752920162398368,
                    0.0007365409983322024,
                    0.0007309159846045077,
                    0.0007357090071309358,
                    0.0007615000067744404,
                    0.0007508329872507602,
                    0.0007379590242635459,
                    0.0007379169983323663,
                    0.0007312499801628292,
                    0.0007106669945642352,
                    0.0008054579957388341,
                    0.0009354579960927367,
                    0.0008503329881932586,
                    0.0009144580108113587,
                    0.0009545830253046006,
                    0.0006562079943250865,
                    0.000606624991632998,
                    0.0005855420022271574,
                    0.0005834999901708215,
                    0.0005735419981647283,
                    0.000578750012209639,
                    0.0005909589817747474,
                    0.0005702080088667572,
                    0.0005692500271834433,
                    0.0005706250085495412,
                    0.000991749984677881,
                    0.0007782919856254011,
                    0.0006983329949434847,
                    0.0006665000109933317,
                    0.0006601659988518804,
                    0.0006562909984495491,
                    0.0006623340013902634,
                    0.0007910830026958138,
                    0.0008363749948330224,
                    0.0007602499972563237,
                    0.0007735419785603881,
                    0.0007234999793581665,
                    0.0007685000018682331,
                    0.000764749973313883,
                    0.0007866669911891222,
                    0.0007732500089332461,
                    0.0006421669968403876,
                    0.0006420420249924064,
                    0.0006885410111863166,
                    0.0007765829795971513,
                    0.0007798750011716038,
                    0.0006654999742750078,
                    0.0006467089988291264,
                    0.0006405000167433172,
                    0.0006654169992543757,
                    0.0006950829993002117,
                    0.0007581250101793557,
                    0.0008011250174604356,
                    0.0007880830089561641,
                    0.0007917500042822212,
                    0.0007493750017601997,
                    0.0007320000149775296,
                    0.0007210829935502261,
                    0.0009296250063925982,
                    0.0011430419981479645,
                    0.0008603750029578805,
                    0.0008030000026337802,
                    0.0008076659869402647,
                    0.0008159159915521741,
                    0.000760082999477163,
                    0.0007367079961113632,
                    0.0007535420008935034,
                    0.0007322499877773225,
                    0.0007486249960493296,
                    0.0007634159992448986,
                    0.0007497500046156347,
                    0.0006859590066596866,
                    0.0006972080154810101,
                    0.0007048329862300307,
                    0.0007089589780662209,
                    0.0007259999983943999,
                    0.0006972500123083591,
                    0.0006878749991301447,
                    0.0006876249972265214,
                    0.0006884160102345049,
                    0.0006779590039514005,
                    0.0006984159990679473,
                    0.0006862500158604234,
                    0.0006657080084551126,
                    0.0006609999982174486,
                    0.0006944169872440398,
                    0.0007049170089885592,
                    0.0006826250173617154,
                    0.000677541975164786,
                    0.0006578750035259873,
                    0.000625124986981973,
                    0.0006338329985737801,
                    0.0006497499998658895,
                    0.0006692910101264715,
                    0.000643207982648164,
                    0.0006560839829035103,
                    0.0006668750138487667,
                    0.0006267089920584112,
                    0.0006263329996727407,
                    0.0006343749992083758,
                    0.0006285000126808882,
                    0.0006070840172469616,
                    0.0006085409841034561,
                    0.000604458007728681,
                    0.0006158340256661177,
                    0.0006542920018546283
                ],
                "iterations": 1
            }
        }
    ],
    "datetime": "2026-09-02T04:08:14.499260",
    "version": "4.0.0"
}
